#/////////////////////////////////////,,,,,,,,,,,,,,,,,,,,,,,,,,,,,,,,,,,,,,,,,,,,,,,,,
# -----START OF METADATA -----,,,,,,,,,,,,,,,,,,,,,,,,,,,,,,,,,,,,,,,,,,,,,,,,,
# ------------------------------------------------,,,,,,,,,,,,,,,,,,,,,,,,,,,,,,,,,,,,,,,,,,,,,,,,,
# TITLE: Brief title for entire data set,"Species richness of stoneflies (Insecta: Plecoptera), with an emphasis on the Appalachian region",,,,,,,,,,,,,,,,,,,,,,,,,,,,,,,,,,,,,,,,,,,,,,,,
# DATE: date of creation of data set,15-Sep-22,,,,,,,,,,,,,,,,,,,,,,,,,,,,,,,,,,,,,,,,,,,,,,,,
# AUTHOR: author/owner of data,Phillip Hogan,,,,,,,,,,,,,,,,,,,,,,,,,,,,,,,,,,,,,,,,,,,,,,,,
# ------------------------------------------------,,,,,,,,,,,,,,,,,,,,,,,,,,,,,,,,,,,,,,,,,,,,,,,,,
# AUTHOR EMAIL:,pnhogan2@illinois.edu,,,,,,,,,,,,,,,,,,,,,,,,,,,,,,,,,,,,,,,,,,,,,,,,
# AUTHOR ADDRESS:,https://orcid.org/0000-0002-6546-272X,,,,,,,,,,,,,,,,,,,,,,,,,,,,,,,,,,,,,,,,,,,,,,,,
# AUTHOR WEBSITE: ,,,,,,,,,,,,,,,,,,,,,,,,,,,,,,,,,,,,,,,,,,,,,,,,,
# ------------------------------------------------,,,,,,,,,,,,,,,,,,,,,,,,,,,,,,,,,,,,,,,,,,,,,,,,,
# OWNERSHIP: Information on who owns/controls the data ,Phillip Hogan,,,,,,,,,,,,,,,,,,,,,,,,,,,,,,,,,,,,,,,,,,,,,,,,
# COLLABORATORS: One or more lines identifying others who collected/own data,Scott Grubbs,,,,,,,,,,,,,,,,,,,,,,,,,,,,,,,,,,,,,,,,,,,,,,,,
# FUNDING SOURCES: Grant numbers or funding sources for acknowlegment,Western Kentucky University,,,,,,,,,,,,,,,,,,,,,,,,,,,,,,,,,,,,,,,,,,,,,,,,
"# REPOSITORY: One or more lines for GitHub, Dryad, or permanent web repositories where data set can be accessed",https://datadryad.org/stash/dataset/doi:10.5061/dryad.hdr7sqvmg,,,,,,,,,,,,,,,,,,,,,,,,,,,,,,,,,,,,,,,,,,,,,,,,
# CITATIONS: One or more lines for publications that cite or use these data,"Hogan, Phillip; Grubbs, Scott (2022). Data from: Distributional trends and species richness of Maryland, USA stoneflies (Insecta: Plecoptera), with an emphasis on the Appalachian region [Dataset]. Dryad. https://doi.org/10.5061/dryad.hdr7sqvmg",,,,,,,,,,,,,,,,,,,,,,,,,,,,,,,,,,,,,,,,,,,,,,,,
# ------------------------------------------------,,,,,,,,,,,,,,,,,,,,,,,,,,,,,,,,,,,,,,,,,,,,,,,,,
# SAMPLING LOCATIONS: One or more lines about where data were collected; GPS for individual sites should be data columns,"Appalachian Region, Maryland (USA)",,,,,,,,,,,,,,,,,,,,,,,,,,,,,,,,,,,,,,,,,,,,,,,,
# SAMPLING TIMES: One more lines on when data were collected,1990's and 2020-2022,,,,,,,,,,,,,,,,,,,,,,,,,,,,,,,,,,,,,,,,,,,,,,,,
# VARIABLE DESCRIPTION: One line for each column in the data set stating what it is and what the units of measurement are,Type: What kind of collection this individual was,kingdom,phylum,class,order,family,genus,specificEpithet,,,,,,,,,,,,,,,,,,,,,,,,,,,,,,,,,,,,,,,,,
# MISSING DATA: One or more lines for each variable describing the source of NA values throughout,,,,,,,,,,,,,,,,,,,,,,,,,,,,,,,,,,,,,,,,,,,,,,,,,
# ------------------------------------------------,,,,,,,,,,,,,,,,,,,,,,,,,,,,,,,,,,,,,,,,,,,,,,,,,
# DATA TRACK CHANGES LOG (use this section to record any changes to the data set after it is created),,,,,,,,,,,,,,,,,,,,,,,,,,,,,,,,,,,,,,,,,,,,,,,,,
# DATE:              # CHANGES:,,,,,,,,,,,,,,,,,,,,,,,,,,,,,,,,,,,,,,,,,,,,,,,,,
# DATE:              # CHANGES:,,,,,,,,,,,,,,,,,,,,,,,,,,,,,,,,,,,,,,,,,,,,,,,,,
# DATE:              # CHANGES:,,,,,,,,,,,,,,,,,,,,,,,,,,,,,,,,,,,,,,,,,,,,,,,,,
#DATE:              #CHANGES:,,,,,,,,,,,,,,,,,,,,,,,,,,,,,,,,,,,,,,,,,,,,,,,,,
# ------------------------------------------------,,,,,,,,,,,,,,,,,,,,,,,,,,,,,,,,,,,,,,,,,,,,,,,,,
# ----- END OF METADATA -----,,,,,,,,,,,,,,,,,,,,,,,,,,,,,,,,,,,,,,,,,,,,,,,,,
#/////////////////////////////////////,,,,,,,,,,,,,,,,,,,,,,,,,,,,,,,,,,,,,,,,,,,,,,,,,
#,,,,,,,,,,,,,,,,,,,,,,,,,,,,,,,,,,,,,,,,,,,,,,,,,
#,,,,,,,,,,,,,,,,,,,,,,,,,,,,,,,,,,,,,,,,,,,,,,,,,
# ----- START OF DATA -----,,,,,,,,,,,,,,,,,,,,,,,,,,,,,,,,,,,,,,,,,,,,,,,,,
#,,,,,,,,,,,,,,,,,,,,,,,,,,,,,,,,,,,,,,,,,,,,,,,,,
ID,Type,ownerInstitutionCode,catalogNumber,kingdom,phylum,class,order,family,genus,specificEpithet,scientificNameAuthorship,vernacularName,taxonomicStatus,taxonRank,typeStatus,identifiedBy,dateIdentified,eventDate,month,day,year,preparation,recordedBy,fieldNumber,habitat,basisOfRecord,adultMale,adultFemale,immatureNymph,1uvium,individualCount,sex,lifeStage,country,countryCode,stateProvince,county,waterBody,locality,coordinateUncertaintyInMeters,geodeticDatum,georeferencedBy,georeferenceSources,datasetName,accessRights,notes,elevation_m,decimalLongitude,decimalLatitude
1,Collection,WKUC,,Animalia,Arthropoda,Insecta,Plecoptera,Capniidae,Allocapnia,aurora,"Ricker, 1952",Aurora Snowfly,accepted,species,not type,P.N. Hogan,2020,3/7/2020,3,7,2020,vial,P.N. Hogan,PNH-019-20,stream,Preservedspecimen,1,1,0,0,2,"male, female",adult,USA,US,Maryland,Charles,tributary to Mattawoman Creek,"MD-225 Hawthorne Rd., just before Arlough Private Lane, Myrtle Grove WMA",10,WGS 84,P.N. Hogan,Google Earth,Maryland Plecoptera Project,No Restrictions,,13,-77.09832,38.56471
2,Literature,"Literature (Duffield and Nelson, 1990)",,Animalia,Arthropoda,Insecta,Plecoptera,Capniidae,Allocapnia,aurora,"Ricker, 1952",Aurora Snowfly,accepted,species,not type,,NA,NA,NA,NA,NA,,,,,,0,0,0,0,31,,adult,USA,US,Maryland,Frederick,Big Hunting Creek,Catoctin Mountain Park,10000,WGS84,P.N. Hogan,Acme.mapper 2.2,Maryland Plecoptera Project,No restrictions,,454,-77.45,39.61666667
3,Literature,"Literature (Duffield and Nelson, 1993)",,Animalia,Arthropoda,Insecta,Plecoptera,Capniidae,Allocapnia,aurora,"Ricker, 1952",Aurora Snowfly,accepted,species,not type,,NA,NA,NA,NA,NA,,R.M. Duffield,,,,0,0,0,0,1,female,adult,USA,US,Maryland,Frederick,Big Hunting Creek,Catoctin Mountain Park,10000,WGS84,P.N. Hogan,Acme.mapper 2.2,Maryland Plecoptera Project,No restrictions,,454,-77.45,39.61666667
4,Collection,INHS,Insect Collection 654545,Animalia,Arthropoda,Insecta,Plecoptera,Capniidae,Allocapnia,curiosa,"Frison, 1943",Peculiar Snowfly,accepted,species,not type,R.E. DeWalt,2013,3/12/2013,3,12,2013,Vial,R.E. DeWalt,,,,0,1,0,0,1,,,USA,US,Maryland,Allegany,Flintstone Creek,Flintstone at I-68,10,,,,Maryland Plecoptera Project,No restrictions,,247,-78.56641,39.70501
5,Collection,RFSC,Plecoptera 16976,Animalia,Arthropoda,Insecta,Plecoptera,Capniidae,Allocapnia,curiosa,"Frison, 1942",Peculiar Snowfly,accepted,species,not type,,NA,2/14/1996,2,14,1996,Vial,R.F. Surdick,,stream,PreservedSpecimen,0,0,0,0,0,,,USA,US,Maryland,Allegany,,Flintstone,100,WGS84,P.N. Hogan,mapper.acme.com,Maryland Plecoptera Project,No restrictions,"Letter to Dr. Scott Grubbs, year uncertain",247,-78.56716,39.70288
6,Collection,RFSC,Plecoptera 16977,Animalia,Arthropoda,Insecta,Plecoptera,Capniidae,Allocapnia,curiosa,"Frison, 1942",Peculiar Snowfly,accepted,species,not type,,NA,2/14/1996,2,14,1996,Vial,R.F. Surdick,,stream,PreservedSpecimen,0,0,0,0,0,,,USA,US,Maryland,Allegany,tributaries of Town Creek,"Wagner Road, Northeast of Oldtown",10,WGS84,P.N. Hogan,mapper.acme.com,Maryland Plecoptera Project,No restrictions,"Letter to Dr. Scott Grubbs, year uncertain",229,-78.58585,39.56934
7,Collection,RFSC,Plecoptera 16978,Animalia,Arthropoda,Insecta,Plecoptera,Capniidae,Allocapnia,curiosa,"Frison, 1942",Peculiar Snowfly,accepted,species,not type,,NA,2/14/1996,2,14,1996,Vial,R.F. Surdick,,stream,PreservedSpecimen,0,0,0,0,0,,,USA,US,Maryland,Allegany,Town Creek,North of Pumpkin Center,100,WGS84,P.N. Hogan,mapper.acme.com,Maryland Plecoptera Project,No restrictions,"Letter to Dr. Scott Grubbs, year uncertain",208,-78.561107,39.63853
8,Collection,WKUC,,Animalia,Arthropoda,Insecta,Plecoptera,Capniidae,Allocapnia,curiosa,"Frison, 1942",Peculiar Snowfly,accepted,species,not type,P.N. Hogan,2020,3/10/2020,3,10,2020,vial,P.N. Hogan,PNH-048-20,stream,Preservedspecimen,1,0,0,0,1,male,adult,USA,US,Maryland,Allegany,Black Sulphur Creek,"Black Sulphur Rd., just past intersection with Sugar Bottom Rd., Green Ridge State Forest",10,WGS 84,P.N. Hogan,Google Earth,Maryland Plecoptera Project,No Restrictions,,270,-78.49731,39.66615
9,Collection,WKUC,,Animalia,Arthropoda,Insecta,Plecoptera,Capniidae,Allocapnia,curiosa,"Frison, 1942",Peculiar Snowfly,accepted,species,not type,P.N. Hogan,2020,3/11/2020,3,11,2020,vial,P.N. Hogan,PNH-049-20,stream,Preservedspecimen,9,2,0,0,11,"male, female",adult,USA,US,Maryland,Allegany,White Sulphur Run,"Fifteenmile Creek Rd., Green Ridge State Forest",10,WGS 84,P.N. Hogan,Google Earth,Maryland Plecoptera Project,No Restrictions,,215,-78.46404,39.65883
10,Collection,WKUC,,Animalia,Arthropoda,Insecta,Plecoptera,Capniidae,Allocapnia,curiosa,"Frison, 1942",Peculiar Snowfly,accepted,species,not type,P.N. Hogan,2020,3/11/2020,3,11,2020,vial,P.N. Hogan,PNH-050-20,stream,Preservedspecimen,5,3,0,0,8,"male, female",adult,USA,US,Maryland,Allegany,Deep Run,"bridge over Deep Run on Fifteenmile Creek Rd., Green Ridge State Forest",10,WGS 84,P.N. Hogan,Google Earth,Maryland Plecoptera Project,No Restrictions,,222,-78.45232,39.65311
11,Collection,WKUC,,Animalia,Arthropoda,Insecta,Plecoptera,Capniidae,Allocapnia,curiosa,"Frison, 1942",Peculiar Snowfly,accepted,species,not type,P.N. Hogan,2020,3/11/2020,3,11,2020,vial,P.N. Hogan,PNH-058-20,stream,Preservedspecimen,3,4,0,0,7,"male, female",adult,USA,US,Maryland,Allegany,Fifteen Mile Creek,"first bridge on Fifteenmile Creek Rd. N of US-40, Green Ridge State Forest",10,WGS 84,P.N. Hogan,Google Earth,Maryland Plecoptera Project,No Restrictions,,225,-78.45456,39.68648
12,Collection,WKUC,,Animalia,Arthropoda,Insecta,Plecoptera,Capniidae,Allocapnia,curiosa,"Frison, 1942",Peculiar Snowfly,accepted,species,not type,S.A. Grubbs,NA,3/16/1996,3,16,1996,vial,S.A. Grubbs,,stream,PreservedSpecimen,91,24,0,0,1,male,adult,USA,US,Maryland,Allegany,Fifteenmile Creek,"Fifteenmile Creek Rd., 0.2 mi N U.S. 40",10,WGS84,S.A. Grubbs,mapper.acme.com,Maryland Plecoptera Project,No Restrictions,,218,-78.4574,39.67852
13,Collection,WKUC,,Animalia,Arthropoda,Insecta,Plecoptera,Capniidae,Allocapnia,curiosa,"Frison, 1942",Peculiar Snowfly,accepted,species,not type,S.A. Grubbs,NA,4/13/1996,4,13,1996,vial,S.A. Grubbs,,stream,PreservedSpecimen,0,2,0,0,1,female ,adult,USA,US,Maryland,Allegany,Fifteenmile Creek,Scenic U.S. 40,10,WGS84,P.N. Hogan,mapper.acme.com,Maryland Plecoptera Project,No Restrictions,,225,-78.45292,39.68879
14,Collection,WKUC,,Animalia,Arthropoda,Insecta,Plecoptera,Capniidae,Allocapnia,curiosa,"Frison, 1942",Peculiar Snowfly,accepted,species,not type,S.A. Grubbs,NA,2/24/1996,2,24,1996,vial,S.A. Grubbs,,stream,PreservedSpecimen,1,0,0,0,1,male,adult,USA,US,Maryland,Allegany,Terrapin Run,U.S. 40,10,WGS84,S.A. Grubbs,mapper.acme.com,Maryland Plecoptera Project,No Restrictions,,284,-78.42687,39.69131
15,Collection,WKUC,,Animalia,Arthropoda,Insecta,Plecoptera,Capniidae,Allocapnia,curiosa,"Frison, 1942",Peculiar Snowfly,accepted,species,not type,S.A. Grubbs,NA,2/11/1996,2,11,1996,vial,S.A. Grubbs,,stream,PreservedSpecimen,2,0,0,0,1,male,adult,USA,US,Maryland,Allegany,"tributary, Fifteenmile Creek","Rte. 144, 1.8 mi W I-68",10,WGS84,S.A. Grubbs,mapper.acme.com,Maryland Plecoptera Project,No Restrictions,,242,-78.48054,39.67984
16,Collection,WKUC,,Animalia,Arthropoda,Insecta,Plecoptera,Capniidae,Allocapnia,curiosa,"Frison, 1942",Peculiar Snowfly,accepted,species,not type,S.A. Grubbs,NA,4/13/1996,4,13,1996,vial,S.A. Grubbs,,stream,PreservedSpecimen,0,1,0,0,1,female ,adult,USA,US,Maryland,Allegany,"tributary, Fifteenmile Creek","Davis Rd., 0.7 mi NW Rte. 144",10,WGS84,S.A. Grubbs,mapper.acme.com,Maryland Plecoptera Project,No Restrictions,,238,-78.47291,39.68341
17,Collection,WKUC,,Animalia,Arthropoda,Insecta,Plecoptera,Capniidae,Allocapnia,curiosa,"Frison, 1942",Peculiar Snowfly,accepted,species,not type,S.A. Grubbs,NA,2/11/1996,2,11,1996,vial,S.A. Grubbs,,stream,PreservedSpecimen,1,0,0,0,2,male,adult,USA,US,Maryland,Allegany,Piclic Run,Fifteenmile Creek Rd.,10,WGS84,S.A. Grubbs,mapper.acme.com,Maryland Plecoptera Project,No Restrictions,"Misnamed. Originally Named Biclic Run, Changed to Piclic Run",216,-78.46144,39.6644
18,Collection,WKUC,,Animalia,Arthropoda,Insecta,Plecoptera,Capniidae,Allocapnia,curiosa,"Frison, 1942",Peculiar Snowfly,accepted,species,not type,S.A. Grubbs,NA,3/7/1997,3,7,1997,vial,S.A. Grubbs,,stream,PreservedSpecimen,1,1,0,0,2,"male, female, ",adult,USA,US,Maryland,Allegany,"spring, Big Run","Kirk Rd., 0.5 mi E Green Ridge Rd.",10,WGS84,P.N. Hogan,mapper.acme.com,Maryland Plecoptera Project,No Restrictions,,315,-78.50908,39.5749
19,Collection,WKUC,,Animalia,Arthropoda,Insecta,Plecoptera,Capniidae,Allocapnia,curiosa,"Frison, 1942",Peculiar Snowfly,accepted,species,not type,S.A. Grubbs,NA,3/23/1996,3,23,1996,vial,S.A. Grubbs,,stream,PreservedSpecimen,10,7,0,0,2,"male, female, ",adult,USA,US,Maryland,Allegany,"tributary, Deep Run",Fifteenmile Creek Rd.,10,WGS84,S.A. Grubbs,mapper.acme.com,Maryland Plecoptera Project,No Restrictions,,224,-78.45218,39.65292
20,Collection,WKUC,,Animalia,Arthropoda,Insecta,Plecoptera,Capniidae,Allocapnia,curiosa,"Frison, 1942",Peculiar Snowfly,accepted,species,not type,S.A. Grubbs,NA,3/12/1995,3,12,1995,vial,S.A. Grubbs,,stream,PreservedSpecimen,1,1,0,0,2,"male, female, ",adult,USA,US,Maryland,Allegany,"tributary, Fifteenmile Creek",Rte. 144,10,WGS84,S.A. Grubbs,mapper.acme.com,Maryland Plecoptera Project,No Restrictions,,232,-78.4696,39.67727
21,Collection,WKUC,,Animalia,Arthropoda,Insecta,Plecoptera,Capniidae,Allocapnia,curiosa,"Frison, 1942",Peculiar Snowfly,accepted,species,not type,S.A. Grubbs,NA,4/13/1996,4,13,1996,vial,S.A. Grubbs,,stream,PreservedSpecimen,0,6,0,0,2,female ,adult,USA,US,Maryland,Allegany,"tributary, Fifteenmile Creek","Rte. 144, 1.8 mi W I-68",10,WGS84,S.A. Grubbs,mapper.acme.com,Maryland Plecoptera Project,No Restrictions,,242,-78.48054,39.67984
22,Collection,WKUC,,Animalia,Arthropoda,Insecta,Plecoptera,Capniidae,Allocapnia,curiosa,"Frison, 1942",Peculiar Snowfly,accepted,species,not type,S.A. Grubbs,NA,4/13/1996,4,13,1996,vial,S.A. Grubbs,,stream,PreservedSpecimen,1,7,0,0,2,female ,adult,USA,US,Maryland,Allegany,"tributary, Fifteenmile Creek","Davis Rd., Little Pine Lick Hollow, 0.7 mi NW Rte. 144",10,WGS84,S.A. Grubbs,mapper.acme.com,Maryland Plecoptera Project,No Restrictions,,240,-78.47307,39.68341
23,Collection,WKUC,,Animalia,Arthropoda,Insecta,Plecoptera,Capniidae,Allocapnia,curiosa,"Frison, 1942",Peculiar Snowfly,accepted,species,not type,S.A. Grubbs,NA,2/24/1996,2,24,1996,vial,S.A. Grubbs,,stream,PreservedSpecimen,30,2,0,0,3,"male, female, ",adult,USA,US,Maryland,Allegany,"tributary, Fifteenmile Creek","Rte. 144, 1.8 mi W I-68",10,WGS84,S.A. Grubbs,mapper.acme.com,Maryland Plecoptera Project,No Restrictions,,242,-78.48054,39.67984
24,Collection,WKUC,,Animalia,Arthropoda,Insecta,Plecoptera,Capniidae,Allocapnia,curiosa,"Frison, 1942",Peculiar Snowfly,accepted,species,not type,S.A. Grubbs,NA,3/7/1997,3,7,1997,vial,S.A. Grubbs,,stream,PreservedSpecimen,3,1,0,0,4,"male, female, ",adult,USA,US,Maryland,Allegany,Big Run,Rte. 51,10,WGS84,S.A. Grubbs,mapper.acme.com,Maryland Plecoptera Project,No Restrictions,,167,-78.53212,39.52642
25,Collection,WKUC,,Animalia,Arthropoda,Insecta,Plecoptera,Capniidae,Allocapnia,curiosa,"Frison, 1942",Peculiar Snowfly,accepted,species,not type,S.A. Grubbs,NA,3/23/1996,3,23,1996,vial,S.A. Grubbs,,stream,PreservedSpecimen,1,3,0,0,4,female ,adult,USA,US,Maryland,Allegany,"tributary, Fifteenmile Creek","Dug Hill Rd., 1.9 mi SE Fifteenmile Creek Rd.",1000,WGS84,P.N. Hogan,mapper.acme.com,Maryland Plecoptera Project,No Restrictions,,297,-78.44736,39.65205
26,Collection,WKUC,,Animalia,Arthropoda,Insecta,Plecoptera,Capniidae,Allocapnia,curiosa,"Frison, 1942",Peculiar Snowfly,accepted,species,not type,S.A. Grubbs,NA,3/23/1996,3,23,1996,vial,S.A. Grubbs,,stream,PreservedSpecimen,0,4,0,0,4,"male, female, ",adult,USA,US,Maryland,Allegany,"tributary, Fifteenmile Creek","Fifteenmile Creek Rd., 1.4 mi S Scenic U.S. 40 East",10,WGS84,S.A. Grubbs,mapper.acme.com,Maryland Plecoptera Project,No Restrictions,,224,-78.4597,39.67138
27,Collection,WKUC,,Animalia,Arthropoda,Insecta,Plecoptera,Capniidae,Allocapnia,curiosa,"Frison, 1942",Peculiar Snowfly,accepted,species,not type,S.A. Grubbs,NA,3/11/1995,3,11,1995,vial,S.A. Grubbs,,stream,PreservedSpecimen,1,0,0,0,5,male,adult,USA,US,Maryland,Allegany,Fifteenmile Creek,"Fifteenmile Creek Rd., 0.3 mi N I-68",10,WGS84,S.A. Grubbs,mapper.acme.com,Maryland Plecoptera Project,No Restrictions,,218,-78.4574,39.67852
28,Collection,WKUC,,Animalia,Arthropoda,Insecta,Plecoptera,Capniidae,Allocapnia,curiosa,"Frison, 1942",Peculiar Snowfly,accepted,species,not type,S.A. Grubbs,NA,4/13/1996,4,13,1996,vial,S.A. Grubbs,,stream,PreservedSpecimen,0,2,0,0,6,female ,adult,USA,US,Maryland,Allegany,Piclic Run,Fifteenmile Creek Rd.,10,WGS84,S.A. Grubbs,mapper.acme.com,Maryland Plecoptera Project,No Restrictions,"Misnamed. Originally Named Biclic Run, Changed to Piclic Run",216,-78.46144,39.6644
29,Collection,WKUC,,Animalia,Arthropoda,Insecta,Plecoptera,Capniidae,Allocapnia,curiosa,"Frison, 1942",Peculiar Snowfly,accepted,species,not type,S.A. Grubbs,NA,3/16/1996,3,16,1996,vial,S.A. Grubbs,,stream,PreservedSpecimen,3,4,0,0,7,"male, female, ",adult,USA,US,Maryland,Allegany,"tributary, Fifteenmile Creek",Rte. 144,10,WGS84,S.A. Grubbs,mapper.acme.com,Maryland Plecoptera Project,No Restrictions,,232,-78.4696,39.67727
30,Collection,WKUC,,Animalia,Arthropoda,Insecta,Plecoptera,Capniidae,Allocapnia,curiosa,"Frison, 1942",Peculiar Snowfly,accepted,species,not type,S.A. Grubbs,NA,4/13/1996,4,13,1996,vial,S.A. Grubbs,,stream,PreservedSpecimen,0,1,0,0,8,"male, female, ",adult,USA,US,Maryland,Allegany,"tributary, Fifteenmile Creek","Fifteenmile Creek Rd., 0.7 mi N U.S. 40, along Pine Lick Hollow Segment Trail",10,WGS84,S.A. Grubbs,mapper.acme.com,Maryland Plecoptera Project,No Restrictions,,229,-78.45213,39.69319
31,Collection,WKUC,,Animalia,Arthropoda,Insecta,Plecoptera,Capniidae,Allocapnia,curiosa,"Frison, 1942",Peculiar Snowfly,accepted,species,not type,S.A. Grubbs,NA,2/18/1995,2,18,1995,vial,S.A. Grubbs,,stream,PreservedSpecimen,8,0,0,0,8,male,adult,USA,US,Maryland,Allegany,White Sulphur Run,Fifteenmile Creek Rd.,10,WGS84,S.A. Grubbs,mapper.acme.com,Maryland Plecoptera Project,No Restrictions,,213,-78.46404,39.65882
32,Collection,WKUC,,Animalia,Arthropoda,Insecta,Plecoptera,Capniidae,Allocapnia,curiosa,"Frison, 1942",Peculiar Snowfly,accepted,species,not type,S.A. Grubbs,NA,3/23/1996,3,23,1996,vial,S.A. Grubbs,,stream,PreservedSpecimen,1,1,0,0,17,"male, female, ",adult,USA,US,Maryland,Allegany,Deep Run,Fifteenmile Creek Rd.,10,WGS84,S.A. Grubbs,mapper.acme.com,Maryland Plecoptera Project,No Restrictions,,222,-78.45234,39.65312
33,Collection,WKUC,,Animalia,Arthropoda,Insecta,Plecoptera,Capniidae,Allocapnia,curiosa,"Frison, 1942",Peculiar Snowfly,accepted,species,not type,S.A. Grubbs,NA,2/18/1995,2,18,1995,vial,S.A. Grubbs,,stream,PreservedSpecimen,14,4,0,0,18,"male, female, ",adult,USA,US,Maryland,Allegany,Fifteenmile Creek,"Fifteenmile Creek Rd., 0.3 mi N I-68",10,WGS84,S.A. Grubbs,mapper.acme.com,Maryland Plecoptera Project,No Restrictions,,218,-78.4574,39.67852
34,Collection,WKUC,,Animalia,Arthropoda,Insecta,Plecoptera,Capniidae,Allocapnia,curiosa,"Frison, 1942",Peculiar Snowfly,accepted,species,not type,S.A. Grubbs,NA,3/16/1996,3,16,1996,vial,S.A. Grubbs,,stream,PreservedSpecimen,45,11,0,0,28,"male, female, ",adult,USA,US,Maryland,Allegany,"tributary, Fifteenmile Creek","Rte. 144, 1.8 mi W I-68",10,WGS84,S.A. Grubbs,mapper.acme.com,Maryland Plecoptera Project,No Restrictions,,242,-78.48054,39.67984
35,Collection,WKUC,,Animalia,Arthropoda,Insecta,Plecoptera,Capniidae,Allocapnia,curiosa,"Frison, 1942",Peculiar Snowfly,accepted,species,not type,S.A. Grubbs,NA,2/24/1996,2,24,1996,vial,S.A. Grubbs,,stream,PreservedSpecimen,1,2,0,0,32,"male, female, ",adult,USA,US,Maryland,Allegany,"tributary, Fifteenmile Creek",Rte. 144,10,WGS84,S.A. Grubbs,mapper.acme.com,Maryland Plecoptera Project,No Restrictions,,232,-78.4696,39.67727
36,Collection,WKUC,,Animalia,Arthropoda,Insecta,Plecoptera,Capniidae,Allocapnia,curiosa,"Frison, 1942",Peculiar Snowfly,accepted,species,not type,S.A. Grubbs,NA,3/16/1996,3,16,1996,vial,S.A. Grubbs,,stream,PreservedSpecimen,1,0,0,0,56,"male, female, ",adult,USA,US,Maryland,Allegany,"tributary, Fifteenmile Creek","Davis Rd., Little Pine Lick Hollow, 0.7 mi NW Rte. 144",10,WGS84,S.A. Grubbs,mapper.acme.com,Maryland Plecoptera Project,No Restrictions,,239,-78.47307,39.68344
37,Collection,WKUC,,Animalia,Arthropoda,Insecta,Plecoptera,Capniidae,Allocapnia,curiosa,"Frison, 1942",Peculiar Snowfly,accepted,species,not type,S.A. Grubbs,NA,3/16/1996,3,16,1996,vial,S.A. Grubbs,,stream,PreservedSpecimen,6,0,0,0,115,"male, female, ",adult,USA,US,Maryland,Allegany,"tributary, Fifteenmile Creek","Fifteenmile Creek Rd., 0.7 mi N U.S. 40, along Pine Lick Hollow Segment Trail",10,WGS84,S.A. Grubbs,mapper.acme.com,Maryland Plecoptera Project,No Restrictions,,229,-78.45213,39.69319
38,Collection,INHS,Plecoptera 8620,Animalia,Arthropoda,Insecta,Plecoptera,Capniidae,Allocapnia,curiosa,"Frison, 1942",Peculiar Snowfly,accepted,species,not type,,NA,2/13/1938,2,13,1938,Vial,R.E. Yeatter,,,,1,0,0,0,1,,,USA,US,Maryland,Garrett,Shade Run,Grantsville,10000,,,,Maryland Plecoptera Project,No restrictions,,709,-79.15139,39.695
39,Literature,"Literature (Frison, 1942)",,Animalia,Arthropoda,Insecta,Plecoptera,Capniidae,Allocapnia,curiosa,"Frison, 1943",Peculiar Snowfly,accepted,species,not type,,NA,2/13/1938,2,13,1938,,R.E. Yeatter,,stream,PreservedSpecimen,0,0,0,0,1,male,adult,USA,US,Maryland,Garrett,Shade Run,"Grantsville, Shade Run",100,WGS84,P.N. Hogan,Acme.mapper 2.2,Maryland Plecoptera Project,No restrictions,,672,-79.17319,39.69553
40,Collection,WKUC,,Animalia,Arthropoda,Insecta,Plecoptera,Capniidae,Allocapnia,curiosa,"Frison, 1942",Peculiar Snowfly,accepted,species,not type,S.A. Grubbs,NA,3/11/1995,3,11,1995,vial,S.A. Grubbs,,stream,PreservedSpecimen,5,0,0,0,1,male,adult,USA,US,Maryland,Garrett,Poplar Lick Run,,10,WGS84,S.A. Grubbs,mapper.acme.com,Maryland Plecoptera Project,No Restrictions,,662,-79.14648,39.60688
41,Collection,WKUC,,Animalia,Arthropoda,Insecta,Plecoptera,Capniidae,Allocapnia,curiosa,"Frison, 1942",Peculiar Snowfly,accepted,species,not type,S.A. Grubbs,NA,4/14/1996,4,14,1996,vial,S.A. Grubbs,,stream,PreservedSpecimen,0,1,0,0,1,female ,adult,USA,US,Maryland,Garrett,Poplar Lick Run,"Poplar Lick ORV Trail, 0.2 mi SE New Germany Rd.",10,WGS84,S.A. Grubbs,mapper.acme.com,Maryland Plecoptera Project,No Restrictions,,681,-79.14947,39.61244
42,Collection,WKUC,,Animalia,Arthropoda,Insecta,Plecoptera,Capniidae,Allocapnia,curiosa,"Frison, 1942",Peculiar Snowfly,accepted,species,not type,S.A. Grubbs,NA,2/19/1995,2,19,1995,vial,S.A. Grubbs,,stream,PreservedSpecimen,5,2,0,0,1,female ,adult,USA,US,Maryland,Garrett,Savage River,immediately upstream Savage River Reservoir,10,WGS84,S.A. Grubbs,mapper.acme.com,Maryland Plecoptera Project,No Restrictions,,446,-79.13746,39.54298
43,Collection,WKUC,,Animalia,Arthropoda,Insecta,Plecoptera,Capniidae,Allocapnia,curiosa,"Frison, 1942",Peculiar Snowfly,accepted,species,not type,S.A. Grubbs,NA,2/19/1996,2,19,1996,vial,S.A. Grubbs,,stream,PreservedSpecimen,1,0,0,0,1,male,adult,USA,US,Maryland,Garrett,seep into Elk Lick Run,"Westernport Rd., 1.7 mi upstream Savage River confluence",10,WGS84,S.A. Grubbs,mapper.acme.com,Maryland Plecoptera Project,No Restrictions,,627,-79.10493,39.61025
44,Collection,WKUC,,Animalia,Arthropoda,Insecta,Plecoptera,Capniidae,Allocapnia,curiosa,"Frison, 1942",Peculiar Snowfly,accepted,species,not type,S.A. Grubbs,NA,3/6/1997,3,6,1997,vial,S.A. Grubbs,,stream,PreservedSpecimen,0,1,0,0,1,female ,adult,USA,US,Maryland,Garrett,"tributary, Little Bear Creek","nr. Rabbit Hollow Rd., 0.7 mi S U.S. 210",1000,WGS84,P.N. Hogan,mapper.acme.com,Maryland Plecoptera Project,No Restrictions,,673,-79.27608,39.65897
45,Collection,WKUC,,Animalia,Arthropoda,Insecta,Plecoptera,Capniidae,Allocapnia,curiosa,"Frison, 1942",Peculiar Snowfly,accepted,species,not type,S.A. Grubbs,NA,3/16/1996,3,16,1996,vial,S.A. Grubbs,,stream,PreservedSpecimen,23,5,0,0,6,male,adult,USA,US,Maryland,Garrett,Glade Run,"Gorman-Steyer Rd., 1.3 mi NE Rte. 560",10,WGS84,S.A. Grubbs,mapper.acme.com,Maryland Plecoptera Project,No Restrictions,,707,-79.32553,39.30237
46,Collection,WKUC,,Animalia,Arthropoda,Insecta,Plecoptera,Capniidae,Allocapnia,curiosa,"Frison, 1942",Peculiar Snowfly,accepted,species,not type,S.A. Grubbs,NA,2/19/1995,2,19,1995,vial,S.A. Grubbs,,stream,PreservedSpecimen,0,1,0,0,7,"male, female, ",adult,USA,US,Maryland,Garrett,Poplar Lick Run,,10,WGS84,S.A. Grubbs,mapper.acme.com,Maryland Plecoptera Project,No Restrictions,,662,-79.14648,39.60688
47,Collection,WKUC,,Animalia,Arthropoda,Insecta,Plecoptera,Capniidae,Allocapnia,curiosa,"Frison, 1942",Peculiar Snowfly,accepted,species,not type,S.A. Grubbs,NA,1/18/1995,1,18,1995,vial,S.A. Grubbs,,stream,PreservedSpecimen,16,0,0,0,16,male,adult,USA,US,Maryland,Garrett,Poplar Lick Run,,10,WGS84,S.A. Grubbs,mapper.acme.com,Maryland Plecoptera Project,No Restrictions,,662,-79.14648,39.60688
48,Collection,WKUC,,Animalia,Arthropoda,Insecta,Plecoptera,Capniidae,Allocapnia,curiosa,"Frison, 1942",Peculiar Snowfly,accepted,species,not type,S.A. Grubbs,NA,2/17/1995,2,17,1995,vial,S.A. Grubbs,,stream,PreservedSpecimen,15,3,0,0,18,"male, female, ",adult,USA,US,Maryland,Garrett,Savage River,immediately upstream Savage River Reservoir,10,WGS84,S.A. Grubbs,mapper.acme.com,Maryland Plecoptera Project,No Restrictions,,446,-79.13746,39.54298
49,Collection,WKUC,,Animalia,Arthropoda,Insecta,Plecoptera,Capniidae,Allocapnia,frisoni,"Ross & Ricker, 1964",Evansville Snowfly,accepted,species,not type,S.A. Grubbs,NA,3/24/1996,3,24,1996,vial,S.A. Grubbs,,stream,PreservedSpecimen,0,6,0,0,19,"male, female, ",adult,USA,US,Maryland,Allegany,Hill Run,Steel Rd.,1000,WGS84,P.N. Hogan,mapper.acme.com,Maryland Plecoptera Project,No Restrictions,,656,-78.95163,39.55848
50,Collection,WKUC,,Animalia,Arthropoda,Insecta,Plecoptera,Capniidae,Allocapnia,frisoni,"Ross & Ricker, 1964",Evansville Snowfly,accepted,species,not type,S.A. Grubbs,NA,3/24/1996,3,24,1996,vial,S.A. Grubbs,,stream,PreservedSpecimen,1,2,0,0,20,"male, female, ",adult,USA,US,Maryland,Allegany,"tributary, Hill Run",Steel Rd.,1000,WGS84,P.N. Hogan,mapper.acme.com,Maryland Plecoptera Project,No Restrictions,,656,-78.95163,39.55848
51,Collection,WKUC,,Animalia,Arthropoda,Insecta,Plecoptera,Capniidae,Allocapnia,frisoni,"Ross & Ricker, 1964",Evansville Snowfly,accepted,species,not type,P.N. Hogan,2020,3/14/2020,3,14,2020,vial,P.N. Hogan,PNH-088-20,stream,Preservedspecimen,3,8,0,0,11,"male, female",adult,USA,US,Maryland,Garrett,tributary to Dry Run,"Dry Run Rd., 0.2 miles west of Savage River Rd., Savage River State Forest",10,WGS 84,P.N. Hogan,Google Earth,Maryland Plecoptera Project,No Restrictions,,557,-79.15286,39.52425
52,Collection,WKUC,,Animalia,Arthropoda,Insecta,Plecoptera,Capniidae,Allocapnia,frisoni,"Ross & Ricker, 1964",Evansville Snowfly,accepted,species,not type,P.N. Hogan,2020,3/16/2020,3,16,2020,vial,P.N. Hogan,PNH-094-20,stream,Preservedspecimen,0,2,0,0,2,female,adult,USA,US,Maryland,Garrett,Dry Run,"bridge on Savage River Rd., Savage River State Forest",10,WGS 84,P.N. Hogan,Google Earth,Maryland Plecoptera Project,No Restrictions,,453,-79.14471,39.5231
53,Collection,WKUC,,Animalia,Arthropoda,Insecta,Plecoptera,Capniidae,Allocapnia,frisoni,"Ross & Ricker, 1964",Evansville Snowfly,accepted,species,not type,P.N. Hogan,2020,3/19/2020,3,19,2020,vial,P.N. Hogan,PNH-118-20,stream,Preservedspecimen,6,45,0,0,51,"male, female",adult,USA,US,Maryland,Garrett,tributary to Dry Run,"Dry Run Rd., 0.2 mi W of Savage River Rd., Savage River State Forest",10,WGS 84,P.N. Hogan,Google Earth,Maryland Plecoptera Project,No Restrictions,,620,-79.15605,39.52444
54,Collection,WKUC,,Animalia,Arthropoda,Insecta,Plecoptera,Capniidae,Allocapnia,frisoni,"Ross & Ricker, 1964",Evansville Snowfly,accepted,species,not type,P.N. Hogan,2020,3/20/2020,3,20,2020,vial,P.N. Hogan,PNH-128-20,stream,Preservedspecimen,1,6,0,0,7,"male, female",adult,USA,US,Maryland,Garrett,Middle Fork Crabtree Creek,Savage River State Forest,10,WGS 84,P.N. Hogan,Google Earth,Maryland Plecoptera Project,No Restrictions,,472,-79.16084,39.51222
55,Collection,WKUC,,Animalia,Arthropoda,Insecta,Plecoptera,Capniidae,Allocapnia,frisoni,"Ross & Ricker, 1964",Evansville Snowfly,accepted,species,not type,P.N. Hogan,2020,3/20/2020,3,20,2020,vial,P.N. Hogan,PNH-129-20,stream,Preservedspecimen,4,14,0,0,18,"male, female",adult,USA,US,Maryland,Garrett,tributary to Middle Fork Crabtree Creek,"first tributary to Middlefork Crabtree Creek heading west on south side, 200 m up tributary, Savage River State Forest",10,WGS 84,P.N. Hogan,Google Earth,Maryland Plecoptera Project,No Restrictions,,607,-79.17018,39.50871
56,Collection,WKUC,,Animalia,Arthropoda,Insecta,Plecoptera,Capniidae,Allocapnia,frisoni,"Ross & Ricker, 1964",Evansville Snowfly,accepted,species,not type,P.N. Hogan,2020,3/20/2020,3,20,2020,vial,P.N. Hogan,PNH-130-20,stream,Preservedspecimen,0,1,0,0,1,female,adult,USA,US,Maryland,Garrett,Middle Fork Crabtree Creek,Savage River State Forest,10,WGS 84,P.N. Hogan,Google Earth,Maryland Plecoptera Project,No Restrictions,,488,-79.16692,39.51436
57,Collection,WKUC,,Animalia,Arthropoda,Insecta,Plecoptera,Capniidae,Allocapnia,frisoni,"Ross & Ricker, 1964",Evansville Snowfly,accepted,species,not type,P.N. Hogan,2020,4/24/2020,4,24,2020,vial,P.N. Hogan,PNH-154-20,stream,Preservedspecimen,0,1,0,0,1,female,adult,USA,US,Maryland,Garrett,tributary to Middle Fork Crabtree Creek,Savage River State Forest,10,WGS 84,P.N. Hogan,GPS+GLONASS,Maryland Plecoptera Project,No Restrictions,,711,-79.17893,39.54655
58,Collection,WKUC,,Animalia,Arthropoda,Insecta,Plecoptera,Capniidae,Allocapnia,frisoni,"Ross & Ricker, 1964",Evansville Snowfly,accepted,species,not type,P.N. Hogan,2020,3/16/2020,3,16,2020,vial,P.N. Hogan,PNH-096-20,stream,Preservedspecimen,1,0,0,0,1,male,adult,USA,US,Maryland,Garrett,tributary to Savage River,"stream between Bear Pen Run and Poplar Lick Run, Savage River State Forest",10,WGS 84,P.N. Hogan,Google Earth,Maryland Plecoptera Project,No Restrictions,,516,-79.09833,39.57873
59,Collection,WKUC,,Animalia,Arthropoda,Insecta,Plecoptera,Capniidae,Allocapnia,frisoni,"Ross & Ricker, 1964",Evansville Snowfly,accepted,species,not type,P.N. Hogan,2020,3/16/2020,3,16,2020,vial,P.N. Hogan,PNH-102-20,stream,Preservedspecimen,1,0,0,0,1,male,adult,USA,US,Maryland,Garrett,Casselman River,"Historic Casselman River Bridge, Casselman River Bridge State Park",10,WGS 84,P.N. Hogan,Google Earth,Maryland Plecoptera Project,No Restrictions,,642,-79.14364,39.69678
60,Collection,WKUC,,Animalia,Arthropoda,Insecta,Plecoptera,Capniidae,Allocapnia,frisoni,"Ross & Ricker, 1964",Evansville Snowfly,accepted,species,not type,P.N. Hogan,2020,3/19/2020,3,19,2020,vial,P.N. Hogan,PNH-119-20,stream,Preservedspecimen,1,3,0,0,4,"male, female",adult,USA,US,Maryland,Garrett,tributary to Big Run,"Big Run Rd., Savage River State Forest",10,WGS 84,P.N. Hogan,Google Earth,Maryland Plecoptera Project,No Restrictions,,633,-79.16755,39.57381
61,Collection,WKUC,,Animalia,Arthropoda,Insecta,Plecoptera,Capniidae,Allocapnia,frisoni,"Ross & Ricker, 1964",Evansville Snowfly,accepted,species,not type,P.N. Hogan,2020,4/29/2020,4,29,2020,vial,P.N. Hogan,PNH-180-20,stream,Preservedspecimen,0,1,0,0,1,female,adult,USA,US,Maryland,Garrett,tributary to Monroe Run,"Monroe Run Hiking Trail, Savage River State Forest",10,WGS 84,P.N. Hogan,GPS+GLONASS,Maryland Plecoptera Project,No Restrictions,,560,-79.17664,39.55716
62,Collection,WKUC,,Animalia,Arthropoda,Insecta,Plecoptera,Capniidae,Allocapnia,frisoni,"Ross & Ricker, 1964",Evansville Snowfly,accepted,species,not type,P.N. Hogan,2020,3/19/2020,3,19,2020,vial,P.N. Hogan,PNH-113-20,stream,Preservedspecimen,1,7,0,0,8,"male, female",adult,USA,US,Maryland,Garrett,Bluelick Run,"Bluelick Rd., just after state boundary heading east from Avilton-Lonaconing Rd., Savage River State Forest",10,WGS 84,P.N. Hogan,Google Earth,Maryland Plecoptera Project,No Restrictions,,710,-79.07528,39.65172
63,Collection,WKUC,,Animalia,Arthropoda,Insecta,Plecoptera,Capniidae,Allocapnia,frisoni,"Ross & Ricker, 1964",Evansville Snowfly,accepted,species,not type,P.N. Hogan,2020,3/19/2020,3,19,2020,vial,P.N. Hogan,PNH-115-20,stream,Preservedspecimen,0,1,0,0,1,female,adult,USA,US,Maryland,Garrett,tributary to Bluelick Run,"following camping trail back 100 ft from stream crossing under bridge, Savage River State Forest",10,WGS 84,P.N. Hogan,Google Earth,Maryland Plecoptera Project,No Restrictions,,662,-79.05898,39.64102
64,Collection,WKUC,,Animalia,Arthropoda,Insecta,Plecoptera,Capniidae,Allocapnia,frisoni,"Ross & Ricker, 1964",Evansville Snowfly,accepted,species,not type,P.N. Hogan,2020,3/19/2020,3,19,2020,vial,P.N. Hogan,PNH-117-20,stream,Preservedspecimen,0,2,0,0,2,female,adult,USA,US,Maryland,Garrett,Warnick Run,"upstream from confluence with Savage River, Savage River State Forest",10,WGS 84,P.N. Hogan,Google Earth,Maryland Plecoptera Project,No Restrictions,,635,-79.07384,39.58774
65,Collection,WKUC,,Animalia,Arthropoda,Insecta,Plecoptera,Capniidae,Allocapnia,frisoni,"Ross & Ricker, 1964",Evansville Snowfly,accepted,species,not type,S.A. Grubbs,NA,3/18/1996,3,18,1996,vial,S.A. Grubbs,,stream,PreservedSpecimen,3,38,0,0,1,female ,adult,USA,US,Maryland,Garrett,Bear Pen Run,Savage River Rd.,10,WGS84,S.A. Grubbs,mapper.acme.com,Maryland Plecoptera Project,No Restrictions,,477,-79.11157,39.56282
66,Collection,WKUC,,Animalia,Arthropoda,Insecta,Plecoptera,Capniidae,Allocapnia,frisoni,"Ross & Ricker, 1964",Evansville Snowfly,accepted,species,not type,S.A. Grubbs,NA,2/16/1996,2,16,1996,vial,S.A. Grubbs,,stream,PreservedSpecimen,0,1,0,0,1,female ,adult,USA,US,Maryland,Garrett,Blacklick Run,,10,WGS84,S.A. Grubbs,mapper.acme.com,Maryland Plecoptera Project,No Restrictions,,572,-79.08266,39.60979
67,Collection,WKUC,,Animalia,Arthropoda,Insecta,Plecoptera,Capniidae,Allocapnia,frisoni,"Ross & Ricker, 1964",Evansville Snowfly,accepted,species,not type,S.A. Grubbs,NA,1/2/1997,1,2,1997,vial,S.A. Grubbs,,stream,PreservedSpecimen,0,1,0,0,1,female ,adult,USA,US,Maryland,Garrett,Blacklick Run,,10,WGS84,S.A. Grubbs,mapper.acme.com,Maryland Plecoptera Project,No Restrictions,,572,-79.08266,39.60979
68,Collection,WKUC,,Animalia,Arthropoda,Insecta,Plecoptera,Capniidae,Allocapnia,frisoni,"Ross & Ricker, 1964",Evansville Snowfly,accepted,species,not type,S.A. Grubbs,NA,3/2/1996,3,2,1996,vial,S.A. Grubbs,,stream,PreservedSpecimen,1,0,0,0,1,male,adult,USA,US,Maryland,Garrett,Little Savage River,Avilton-Lonaconing Rd.,10,WGS84,S.A. Grubbs,mapper.acme.com,Maryland Plecoptera Project,No Restrictions,,789,-79.02537,39.6151
69,Collection,WKUC,,Animalia,Arthropoda,Insecta,Plecoptera,Capniidae,Allocapnia,frisoni,"Ross & Ricker, 1964",Evansville Snowfly,accepted,species,not type,S.A. Grubbs,NA,2/19/1996,2,19,1996,vial,S.A. Grubbs,,stream,PreservedSpecimen,8,3,0,0,1,female ,adult,USA,US,Maryland,Garrett,seep into Elk Lick Run,"Westernport Rd., 1.7 mi upstream Savage River confluence",10,WGS84,S.A. Grubbs,mapper.acme.com,Maryland Plecoptera Project,No Restrictions,,627,-79.10493,39.61025
70,Collection,WKUC,,Animalia,Arthropoda,Insecta,Plecoptera,Capniidae,Allocapnia,frisoni,"Ross & Ricker, 1964",Evansville Snowfly,accepted,species,not type,S.A. Grubbs,NA,4/15/1996,4,15,1996,vial,S.A. Grubbs,,stream,PreservedSpecimen,1,0,0,0,1,male,adult,USA,US,Maryland,Garrett,spring into spring into Savage River,0.7 mi downstream confluence with Poplar Lick Run,10,WGS84,S.A. Grubbs,mapper.acme.com,Maryland Plecoptera Project,No Restrictions,,508,-79.09752,39.57844
71,Collection,WKUC,,Animalia,Arthropoda,Insecta,Plecoptera,Capniidae,Allocapnia,frisoni,"Ross & Ricker, 1964",Evansville Snowfly,accepted,species,not type,S.A. Grubbs,NA,4/15/1996,4,15,1996,vial,S.A. Grubbs,,stream,PreservedSpecimen,1,0,0,0,1,male,adult,USA,US,Maryland,Garrett,"spring, Bluelick Run",1.4 mi SE Lower New Germany Rd.,10,WGS84,S.A. Grubbs,mapper.acme.com,Maryland Plecoptera Project,No Restrictions,,687,-79.06642,39.64695
72,Collection,WKUC,,Animalia,Arthropoda,Insecta,Plecoptera,Capniidae,Allocapnia,frisoni,"Ross & Ricker, 1964",Evansville Snowfly,accepted,species,not type,S.A. Grubbs,NA,3/8/1997,3,8,1997,vial,S.A. Grubbs,,stream,PreservedSpecimen,4,13,0,0,1,female ,adult,USA,US,Maryland,Garrett,"spring, Riley's Spring Branch, Laurel Run","Audley-Riley Rd., 0.2 mi SE Laurel Run Rd.",10,WGS84,P.N. Hogan,mapper.acme.com,Maryland Plecoptera Project,No Restrictions,,792,-79.29669,39.33956
73,Collection,WKUC,,Animalia,Arthropoda,Insecta,Plecoptera,Capniidae,Allocapnia,frisoni,"Ross & Ricker, 1964",Evansville Snowfly,accepted,species,not type,S.A. Grubbs,NA,3/2/1996,3,2,1996,vial,S.A. Grubbs,,stream,PreservedSpecimen,1,0,0,0,1,male,adult,USA,US,Maryland,Garrett,Swamp Run,Swamp Rd.,10,WGS84,S.A. Grubbs,mapper.acme.com,Maryland Plecoptera Project,No Restrictions,,773,-79.06498,39.57884
74,Collection,WKUC,,Animalia,Arthropoda,Insecta,Plecoptera,Capniidae,Allocapnia,frisoni,"Ross & Ricker, 1964",Evansville Snowfly,accepted,species,not type,S.A. Grubbs,NA,3/16/1996,3,16,1996,vial,S.A. Grubbs,,stream,PreservedSpecimen,3,9,0,0,1,female ,adult,USA,US,Maryland,Garrett,"tributary, Aronholt Fork of Shields Run","U.S. 50, 3.3 mi SW Rte. 560",10,WGS84,P.N. Hogan,mapper.acme.com,Maryland Plecoptera Project,No Restrictions,,821,-79.39678,39.30285
75,Collection,WKUC,,Animalia,Arthropoda,Insecta,Plecoptera,Capniidae,Allocapnia,frisoni,"Ross & Ricker, 1964",Evansville Snowfly,accepted,species,not type,S.A. Grubbs,NA,3/2/1996,3,2,1996,vial,S.A. Grubbs,,stream,PreservedSpecimen,5,2,0,0,1,female ,adult,USA,US,Maryland,Garrett,"tributary, Swamp Run","Swamp Rd., 0.7 mi E Westernport Rd.",10,WGS84,S.A. Grubbs,mapper.acme.com,Maryland Plecoptera Project,No Restrictions,,781,-79.05999,39.57996
76,Collection,WKUC,,Animalia,Arthropoda,Insecta,Plecoptera,Capniidae,Allocapnia,frisoni,"Ross & Ricker, 1964",Evansville Snowfly,accepted,species,not type,S.A. Grubbs,NA,12/16/1994,12,16,1994,vial,S.A. Grubbs,,stream,PreservedSpecimen,0,2,0,0,2,female ,adult,USA,US,Maryland,Garrett,Blacklick Run,,10,WGS84,S.A. Grubbs,mapper.acme.com,Maryland Plecoptera Project,No Restrictions,,572,-79.08266,39.60979
77,Collection,WKUC,,Animalia,Arthropoda,Insecta,Plecoptera,Capniidae,Allocapnia,frisoni,"Ross & Ricker, 1964",Evansville Snowfly,accepted,species,not type,S.A. Grubbs,NA,3/24/1996,3,24,1996,vial,S.A. Grubbs,,stream,PreservedSpecimen,2,18,0,0,2,female ,adult,USA,US,Maryland,Garrett,Dry Run,"Dry Run Rd., 1.1 mi NW Savage River Rd.",10,WGS84,S.A. Grubbs,mapper.acme.com,Maryland Plecoptera Project,No Restrictions,,558,-79.15489,39.52948
78,Collection,WKUC,,Animalia,Arthropoda,Insecta,Plecoptera,Capniidae,Allocapnia,frisoni,"Ross & Ricker, 1964",Evansville Snowfly,accepted,species,not type,S.A. Grubbs,NA,3/16/1996,3,16,1996,vial,S.A. Grubbs,,stream,PreservedSpecimen,0,2,0,0,2,female ,adult,USA,US,Maryland,Garrett,outflows from ponds,"Rte. 50, near St. Highway Dept. Salt Domes",10,WGS84,P.N. Hogan,mapper.acme.com,Maryland Plecoptera Project,No Restrictions,,794,-79.43582,39.29786
79,Collection,WKUC,,Animalia,Arthropoda,Insecta,Plecoptera,Capniidae,Allocapnia,frisoni,"Ross & Ricker, 1964",Evansville Snowfly,accepted,species,not type,S.A. Grubbs,NA,3/25/1996,3,25,1996,vial,S.A. Grubbs,,stream,PreservedSpecimen,0,2,0,0,2,female ,adult,USA,US,Maryland,Garrett,"tributary, Big Run","Big Run Rd., 2.5 mi NW Westernport Rd.",10,WGS84,S.A. Grubbs,mapper.acme.com,Maryland Plecoptera Project,No Restrictions,,514,-79.15451,39.56368
80,Collection,WKUC,,Animalia,Arthropoda,Insecta,Plecoptera,Capniidae,Allocapnia,frisoni,"Ross & Ricker, 1964",Evansville Snowfly,accepted,species,not type,S.A. Grubbs,NA,3/3/1996,3,3,1996,vial,S.A. Grubbs,,stream,PreservedSpecimen,1,1,0,0,2,"male, female, ",adult,USA,US,Maryland,Garrett,"tributary, Middle Fork Crabtree Creek",0.2 mi W Savage River Rd.,10,WGS84,S.A. Grubbs,mapper.acme.com,Maryland Plecoptera Project,No Restrictions,,472,-79.15662,39.5145
81,Collection,WKUC,,Animalia,Arthropoda,Insecta,Plecoptera,Capniidae,Allocapnia,frisoni,"Ross & Ricker, 1964",Evansville Snowfly,accepted,species,not type,S.A. Grubbs,NA,3/8/1997,3,8,1997,vial,S.A. Grubbs,,stream,PreservedSpecimen,3,17,0,0,2,female ,adult,USA,US,Maryland,Garrett,"tributary, North Branch Potomac River","Audley-Riley Rd., 2.4 mi SE Laurel Run Rd.",1000,WGS84,P.N. Hogan,mapper.acme.com,Maryland Plecoptera Project,No Restrictions,,826,-79.30455,39.33886
82,Collection,WKUC,,Animalia,Arthropoda,Insecta,Plecoptera,Capniidae,Allocapnia,frisoni,"Ross & Ricker, 1964",Evansville Snowfly,accepted,species,not type,S.A. Grubbs,NA,4/3/1996,4,3,1996,vial,S.A. Grubbs,,stream,PreservedSpecimen,1,1,0,0,2,"male, female, ",adult,USA,US,Maryland,Garrett,"tributary, Swamp Run","Swamp Rd., 0.7 mi E Westernport Rd.",10,WGS84,S.A. Grubbs,mapper.acme.com,Maryland Plecoptera Project,No Restrictions,,781,-79.05999,39.57996
83,Collection,WKUC,,Animalia,Arthropoda,Insecta,Plecoptera,Capniidae,Allocapnia,frisoni,"Ross & Ricker, 1964",Evansville Snowfly,accepted,species,not type,S.A. Grubbs,NA,3/24/1996,3,24,1996,vial,S.A. Grubbs,,stream,PreservedSpecimen,0,2,0,0,3,"male, female, ",adult,USA,US,Maryland,Garrett,"spring, Dry Run","Dry Run Rd., 1.1 mi NW Savage River Rd.",10,WGS84,S.A. Grubbs,mapper.acme.com,Maryland Plecoptera Project,No Restrictions,,558,-79.15489,39.52948
84,Collection,WKUC,,Animalia,Arthropoda,Insecta,Plecoptera,Capniidae,Allocapnia,frisoni,"Ross & Ricker, 1964",Evansville Snowfly,accepted,species,not type,S.A. Grubbs,NA,3/3/1996,3,3,1996,vial,S.A. Grubbs,,stream,PreservedSpecimen,2,2,0,0,4,"male, female, ",adult,USA,US,Maryland,Garrett,spring into Savage River,0.7 mi downstream confluence with Poplar Lick Run,10,WGS84,S.A. Grubbs,mapper.acme.com,Maryland Plecoptera Project,No Restrictions,,508,-79.09752,39.57844
85,Collection,WKUC,,Animalia,Arthropoda,Insecta,Plecoptera,Capniidae,Allocapnia,frisoni,"Ross & Ricker, 1964",Evansville Snowfly,accepted,species,not type,S.A. Grubbs,NA,3/18/1996,3,18,1996,vial,S.A. Grubbs,,stream,PreservedSpecimen,0,1,0,0,6,"male, female, ",adult,USA,US,Maryland,Garrett,spring into Savage River Reservoir,"Savage River Rd., 0.5 mi S Big Run Rd.",10,WGS84,S.A. Grubbs,mapper.acme.com,Maryland Plecoptera Project,No Restrictions,,463,-79.13965,39.53662
86,Collection,WKUC,,Animalia,Arthropoda,Insecta,Plecoptera,Capniidae,Allocapnia,frisoni,"Ross & Ricker, 1964",Evansville Snowfly,accepted,species,not type,S.A. Grubbs,NA,3/24/1996,3,24,1996,vial,S.A. Grubbs,,stream,PreservedSpecimen,1,18,0,0,6,female ,adult,USA,US,Maryland,Garrett,"spring, Dry Run","Dry Run Rd., 0.3 mi NW Savage River Rd.",10,WGS84,S.A. Grubbs,mapper.acme.com,Maryland Plecoptera Project,No Restrictions,,485,-79.14937,39.524
87,Collection,WKUC,,Animalia,Arthropoda,Insecta,Plecoptera,Capniidae,Allocapnia,frisoni,"Ross & Ricker, 1964",Evansville Snowfly,accepted,species,not type,S.A. Grubbs,NA,3/31/1996,3,31,1996,vial,S.A. Grubbs,,stream,PreservedSpecimen,0,6,0,0,6,female ,adult,USA,US,Maryland,Garrett,"tributary, Middle Fork","at end of path-bridge out, nr. Savage River Rd.",10,WGS84,S.A. Grubbs,mapper.acme.com,Maryland Plecoptera Project,No Restrictions,,498,-79.16982,39.51566
88,Collection,WKUC,,Animalia,Arthropoda,Insecta,Plecoptera,Capniidae,Allocapnia,frisoni,"Ross & Ricker, 1964",Evansville Snowfly,accepted,species,not type,S.A. Grubbs,NA,4/15/1996,4,15,1996,vial,S.A. Grubbs,,stream,PreservedSpecimen,3,4,0,0,7,"male, female, ",adult,USA,US,Maryland,Garrett,spring into Savage River,0.7 mi downstream confluence with Poplar Lick Run,10,WGS84,S.A. Grubbs,mapper.acme.com,Maryland Plecoptera Project,No Restrictions,,508,-79.09752,39.57844
89,Collection,WKUC,,Animalia,Arthropoda,Insecta,Plecoptera,Capniidae,Allocapnia,frisoni,"Ross & Ricker, 1964",Evansville Snowfly,accepted,species,not type,S.A. Grubbs,NA,3/25/1996,3,25,1996,vial,S.A. Grubbs,,stream,PreservedSpecimen,1,6,0,0,7,"male, female, ",adult,USA,US,Maryland,Garrett,"spring, Savage River","nr. Pea Ridge Spur, 0.3 mi NE Westernport Rd.",10,WGS84,P.N. Hogan,mapper.acme.com,Maryland Plecoptera Project,No Restrictions,,546,-79.08039,39.60267
90,Collection,WKUC,,Animalia,Arthropoda,Insecta,Plecoptera,Capniidae,Allocapnia,frisoni,"Ross & Ricker, 1964",Evansville Snowfly,accepted,species,not type,S.A. Grubbs,NA,3/2/1996,3,2,1996,vial,S.A. Grubbs,,stream,PreservedSpecimen,0,1,0,0,7,"male, female, ",adult,USA,US,Maryland,Garrett,"tributary, Swamp Run","Swamp Rd., 0.6 mi E Westernport Rd.",10,WGS84,P.N. Hogan,mapper.acme.com,Maryland Plecoptera Project,No Restrictions,,760,-79.06153,39.5814
91,Collection,WKUC,,Animalia,Arthropoda,Insecta,Plecoptera,Capniidae,Allocapnia,frisoni,"Ross & Ricker, 1964",Evansville Snowfly,accepted,species,not type,S.A. Grubbs,NA,2/19/1996,2,19,1996,vial,S.A. Grubbs,,stream,PreservedSpecimen,0,1,0,0,11,"male, female, ",adult,USA,US,Maryland,Garrett,seep into Savage River,"Savage River Rd., 0.3 mi upstream Savage River Reservoir",10,WGS84,P.N. Hogan,mapper.acme.com,Maryland Plecoptera Project,No Restrictions,,452,-79.12955,39.54459
92,Collection,WKUC,,Animalia,Arthropoda,Insecta,Plecoptera,Capniidae,Allocapnia,frisoni,"Ross & Ricker, 1964",Evansville Snowfly,accepted,species,not type,S.A. Grubbs,NA,3/16/1996,3,16,1996,vial,S.A. Grubbs,,stream,PreservedSpecimen,0,1,0,0,12,"male, female, ",adult,USA,US,Maryland,Garrett,"spring, North Branch Potomac River","Gorman-Steyer Rd., 0.5 mi NE Rte. 560",10,WGS84,P.N. Hogan,mapper.acme.com,Maryland Plecoptera Project,No Restrictions,,708,-79.33467,39.29964
93,Collection,WKUC,,Animalia,Arthropoda,Insecta,Plecoptera,Capniidae,Allocapnia,frisoni,"Ross & Ricker, 1964",Evansville Snowfly,accepted,species,not type,S.A. Grubbs,NA,3/8/1997,3,8,1997,vial,S.A. Grubbs,,stream,PreservedSpecimen,4,9,0,0,12,"male, female, ",adult,USA,US,Maryland,Garrett,"spring, South Prong. Lostland Run",0.5 mi SE North Prong. Lostland Run,10,WGS84,P.N. Hogan,mapper.acme.com,Maryland Plecoptera Project,No Restrictions,,739,-79.27712,39.38217
94,Collection,WKUC,,Animalia,Arthropoda,Insecta,Plecoptera,Capniidae,Allocapnia,frisoni,"Ross & Ricker, 1964",Evansville Snowfly,accepted,species,not type,S.A. Grubbs,NA,3/8/1997,3,8,1997,vial,S.A. Grubbs,,stream,PreservedSpecimen,1,11,0,0,13,"male, female, ",adult,USA,US,Maryland,Garrett,"spring, North Prong. Lostland Run",nr. confluence with South Prong. Lostland Run,10,WGS84,P.N. Hogan,mapper.acme.com,Maryland Plecoptera Project,No Restrictions,,653,-79.25442,39.37202
95,Collection,WKUC,,Animalia,Arthropoda,Insecta,Plecoptera,Capniidae,Allocapnia,frisoni,"Ross & Ricker, 1964",Evansville Snowfly,accepted,species,not type,S.A. Grubbs,NA,3/8/1997,3,8,1997,vial,S.A. Grubbs,,stream,PreservedSpecimen,0,1,0,0,17,"male, female, ",adult,USA,US,Maryland,Garrett,"spring, Riley's Spring Branch, Laurel Run","Audley-Riley Rd., <0.1 mi NE Laurel Run Rd.",10,WGS84,S.A. Grubbs,mapper.acme.com,Maryland Plecoptera Project,No Restrictions,,779,-79.296,39.3411
96,Collection,WKUC,,Animalia,Arthropoda,Insecta,Plecoptera,Capniidae,Allocapnia,frisoni,"Ross & Ricker, 1964",Evansville Snowfly,accepted,species,not type,S.A. Grubbs,NA,3/8/1997,3,8,1997,vial,S.A. Grubbs,,stream,PreservedSpecimen,0,2,0,0,20,"male, female, ",adult,USA,US,Maryland,Garrett,"spring, Monroe Run","New Germany Rd., 0.6 mi NE Rte. 495",10,WGS84,S.A. Grubbs,mapper.acme.com,Maryland Plecoptera Project,No Restrictions,,674,-79.20254,39.56689
97,Collection,WKUC,,Animalia,Arthropoda,Insecta,Plecoptera,Capniidae,Allocapnia,frisoni,"Ross & Ricker, 1964",Evansville Snowfly,accepted,species,not type,S.A. Grubbs,NA,3/24/1996,3,24,1996,vial,S.A. Grubbs,,stream,PreservedSpecimen,0,25,0,0,25,female ,adult,USA,US,Maryland,Garrett,"tributary, Swamp Run","Swamp Rd., 0.6 mi E Westernport Rd.",10,WGS84,P.N. Hogan,mapper.acme.com,Maryland Plecoptera Project,No Restrictions,,760,-79.06153,39.5814
98,Collection,WKUC,,Animalia,Arthropoda,Insecta,Plecoptera,Capniidae,Allocapnia,frisoni,"Ross & Ricker, 1964",Evansville Snowfly,accepted,species,not type,S.A. Grubbs,NA,3/18/1996,3,18,1996,vial,S.A. Grubbs,,stream,PreservedSpecimen,1,5,0,0,41,"male, female, ",adult,USA,US,Maryland,Garrett,spring into Savage River,0.7 mi downstream confluence with Poplar Lick Run,10,WGS84,S.A. Grubbs,mapper.acme.com,Maryland Plecoptera Project,No Restrictions,,508,-79.09752,39.57844
99,Collection,WKUC,,Animalia,Arthropoda,Insecta,Plecoptera,Capniidae,Allocapnia,frumi,"Kirchner, 1982",Monongahela Snowfly,accepted,species,not type,S.A. Grubbs,NA,4/27/1996,4,27,1996,vial,S.A. Grubbs,,stream,PreservedSpecimen,0,2,0,0,2,female ,adult,USA,US,Maryland,Garrett,"tributary, Toliver Run","Maple Glade Rd., 0.6 mi E Cranesville Rd.",10,WGS84,S.A. Grubbs,mapper.acme.com,Maryland Plecoptera Project,No Restrictions,,769,-79.4457,39.50762
100,Collection,WKUC,,Animalia,Arthropoda,Insecta,Plecoptera,Capniidae,Allocapnia,frumi,"Kirchner, 1982",Monongahela Snowfly,accepted,species,not type,S.A. Grubbs,NA,3/31/1996,3,31,1996,vial,S.A. Grubbs,,stream,PreservedSpecimen,3,12,0,0,15,"male, female, ",adult,USA,US,Maryland,Garrett,"tributary, Toliver Run","Maple Glade Rd., 0.6 mi E Cranesville Rd.",10,WGS84,S.A. Grubbs,mapper.acme.com,Maryland Plecoptera Project,No Restrictions,,769,-79.4457,39.50762
101,Collection,WKUC,,Animalia,Arthropoda,Insecta,Plecoptera,Capniidae,Allocapnia,frumi,"Kirchner, 1982",Monongahela Snowfly,accepted,species,not type,S.A. Grubbs,NA,2/25/1996,2,25,1996,vial,S.A. Grubbs,,stream,PreservedSpecimen,15,5,0,0,20,"male, female, ",adult,USA,US,Maryland,Garrett,"tributary, Toliver Run","Cranesville Rd., 0.6 mi N Swallow Falls Rd.",10,WGS84,S.A. Grubbs,mapper.acme.com,Maryland Plecoptera Project,No Restrictions,,756,-79.4442,39.49255
102,Collection,WKUC,,Animalia,Arthropoda,Insecta,Plecoptera,Capniidae,Allocapnia,frumi,"Kirchner, 1982",Monongahela Snowfly,accepted,species,not type,S.A. Grubbs,NA,2/25/1996,2,25,1996,vial,S.A. Grubbs,,stream,PreservedSpecimen,39,10,0,0,49,"male, female, ",adult,USA,US,Maryland,Garrett,"tributary, Toliver Run","Maple Glade Rd., 0.6 mi E Cranesville Rd.",10,WGS84,S.A. Grubbs,mapper.acme.com,Maryland Plecoptera Project,No Restrictions,,769,-79.4457,39.50762
103,Collection,INHS,Insect Collection 514600,Animalia,Arthropoda,Insecta,Plecoptera,Capniidae,Allocapnia,granulata,"(Claassen, 1924)",Common Snowfly,accepted,species,not type,R.E. DeWalt,2010,3/8/2010,3,8,2010,Vial,C. Favret,,,,0,1,0,0,1,,,USA,US,Maryland,Allegany,Fifteenmile Creek,Little Orleans at Oldtown Road,10,,,,Maryland Plecoptera Project,No restrictions,,135,-78.38936,39.62804
104,Collection,INHS,Insect Collection 552222,Animalia,Arthropoda,Insecta,Plecoptera,Capniidae,Allocapnia,granulata,"(Claassen, 1924)",Common Snowfly,accepted,species,not type,R.E. DeWalt,2010,3/8/2010,3,8,2010,Vial,C. Favret,,,,1,0,0,0,1,,,USA,US,Maryland,Allegany,Fifteenmile Creek,Little Orleans at Oldtown Road,10,,,,Maryland Plecoptera Project,No restrictions,,135,-78.38936,39.62804
105,Collection,INHS,Insect Collection 552223,Animalia,Arthropoda,Insecta,Plecoptera,Capniidae,Allocapnia,granulata,"(Claassen, 1924)",Common Snowfly,accepted,species,not type,R.E. DeWalt,2010,3/8/2010,3,8,2010,Vial,C. Favret,,,,1,0,0,0,1,,,USA,US,Maryland,Allegany,Fifteenmile Creek,Little Orleans at Oldtown Road,10,,,,Maryland Plecoptera Project,No restrictions,,135,-78.38936,39.62804
106,Collection,INHS,Insect Collection 552224,Animalia,Arthropoda,Insecta,Plecoptera,Capniidae,Allocapnia,granulata,"(Claassen, 1924)",Common Snowfly,accepted,species,not type,R.E. DeWalt,2010,3/8/2010,3,8,2010,Vial,C. Favret,,,,1,0,0,0,1,,,USA,US,Maryland,Allegany,Fifteenmile Creek,Little Orleans at Oldtown Road,10,,,,Maryland Plecoptera Project,No restrictions,,135,-78.38936,39.62804
107,Collection,INHS,Insect Collection 552225,Animalia,Arthropoda,Insecta,Plecoptera,Capniidae,Allocapnia,granulata,"(Claassen, 1924)",Common Snowfly,accepted,species,not type,R.E. DeWalt,2010,3/8/2010,3,8,2010,Vial,C. Favret,,,,1,0,0,0,1,,,USA,US,Maryland,Allegany,Fifteenmile Creek,Little Orleans at Oldtown Road,10,,,,Maryland Plecoptera Project,No restrictions,,135,-78.38936,39.62804
108,Collection,INHS,Insect Collection 552226,Animalia,Arthropoda,Insecta,Plecoptera,Capniidae,Allocapnia,granulata,"(Claassen, 1924)",Common Snowfly,accepted,species,not type,R.E. DeWalt,2010,3/8/2010,3,8,2010,Vial,C. Favret,,,,1,0,0,0,1,,,USA,US,Maryland,Allegany,Fifteenmile Creek,Little Orleans at Oldtown Road,10,,,,Maryland Plecoptera Project,No restrictions,,135,-78.38936,39.62804
109,Collection,INHS,Insect Collection 654543,Animalia,Arthropoda,Insecta,Plecoptera,Capniidae,Allocapnia,granulata,"(Claassen, 1924)",Common Snowfly,accepted,species,not type,R.E. DeWalt,2013,3/12/2013,3,12,2013,Vial,R.E. DeWalt,,,,0,1,0,0,1,,,USA,US,Maryland,Allegany,Flintstone Creek,Flintstone at I-68,10,,,,Maryland Plecoptera Project,No restrictions,,247,-78.56641,39.70501
110,Collection,INHS,Insect Collection 654520,Animalia,Arthropoda,Insecta,Plecoptera,Capniidae,Allocapnia,granulata,"(Claassen, 1924)",Common Snowfly,accepted,species,not type,R.E. DeWalt,2013,3/10/2013,3,10,2013,Vial,R.E. DeWalt,,,,0,3,0,0,3,,,USA,US,Maryland,Allegany,Fifteenmile Creek,Little Orleans at Oldtown Road,10,,,,Maryland Plecoptera Project,No restrictions,,135,-78.38936,39.62804
111,Collection,INHS,Plecoptera 8728,Animalia,Arthropoda,Insecta,Plecoptera,Capniidae,Allocapnia,granulata,"(Claassen, 1924)",Common Snowfly,accepted,species,not type,S.A. Grubbs,2007,2/13/1938,2,13,1938,Vial,R.E. Yeatter,,,,1,1,0,0,2,,,USA,US,Maryland,Allegany,,10 mi E Cumberland,10000,,,,Maryland Plecoptera Project,No restrictions,,337,-78.6323,39.653
112,Collection,INHS,Plecoptera 8753,Animalia,Arthropoda,Insecta,Plecoptera,Capniidae,Allocapnia,granulata,"(Claassen, 1924)",Common Snowfly,accepted,species,not type,S.A. Grubbs,2007,12/30/1934,12,30,1934,Vial,"T.H. Frison, H.H. Ross",,,,11,1,0,0,12,,,USA,US,Maryland,Allegany,Evitt's Creek,North Branch,1000,,,,Maryland Plecoptera Project,No restrictions,,188,-78.7364,39.6266
113,Collection,INHS,Plecoptera 8752,Animalia,Arthropoda,Insecta,Plecoptera,Capniidae,Allocapnia,granulata,"(Claassen, 1924)",Common Snowfly,accepted,species,not type,S.A. Grubbs,2007,12/30/1934,12,30,1934,Vial,"T.H. Frison, H.H. Ross",,,,0,3,0,0,3,,,USA,US,Maryland,Allegany,Town Creek,Flintstone,1000,,,,Maryland Plecoptera Project,No restrictions,,235,-78.548,39.6952
114,Collection,INHS,Plecoptera 8797,Animalia,Arthropoda,Insecta,Plecoptera,Capniidae,Allocapnia,granulata,"(Claassen, 1924)",Common Snowfly,accepted,species,not type,S.A. Grubbs,2007,12/30/1934,12,30,1934,Vial,"T.H. Frison, H.H. Ross",,,,0,0,0,0,0,,,USA,US,Maryland,Allegany,Town Creek,Flintstone,1000,,,,Maryland Plecoptera Project,No restrictions,,235,-78.548,39.6952
115,Collection,INHS,Plecoptera 8798,Animalia,Arthropoda,Insecta,Plecoptera,Capniidae,Allocapnia,granulata,"(Claassen, 1924)",Common Snowfly,accepted,species,not type,S.A. Grubbs,2007,12/30/1934,12,30,1934,Vial,"T.H. Frison, H.H. Ross",,,,3,0,0,0,3,,,USA,US,Maryland,Allegany,Town Creek,Flintstone,1000,,,,Maryland Plecoptera Project,No restrictions,,235,-78.548,39.6952
116,Collection,INHS,Plecoptera 8816,Animalia,Arthropoda,Insecta,Plecoptera,Capniidae,Allocapnia,granulata,"(Claassen, 1924)",Common Snowfly,accepted,species,not type,S.A. Grubbs,2007,12/30/1934,12,30,1934,Vial,"T.H. Frison, H.H. Ross",,,,3,0,0,0,3,,,USA,US,Maryland,Allegany,Town Creek,Flintstone,1000,,,,Maryland Plecoptera Project,No restrictions,,235,-78.548,39.6952
117,Collection,INHS,Plecoptera 8817,Animalia,Arthropoda,Insecta,Plecoptera,Capniidae,Allocapnia,granulata,"(Claassen, 1924)",Common Snowfly,accepted,species,not type,S.A. Grubbs,2007,12/30/1934,12,30,1934,Vial,"T.H. Frison, H.H. Ross",,,,3,0,0,0,3,,,USA,US,Maryland,Allegany,Town Creek,Flintstone,1000,,,,Maryland Plecoptera Project,No restrictions,,235,-78.548,39.6952
118,Collection,INHS,Plecoptera 8818,Animalia,Arthropoda,Insecta,Plecoptera,Capniidae,Allocapnia,granulata,"(Claassen, 1924)",Common Snowfly,accepted,species,not type,S.A. Grubbs,2007,12/30/1934,12,30,1934,Vial,"T.H. Frison, H.H. Ross",,,,0,0,0,0,0,,,USA,US,Maryland,Allegany,Town Creek,Flintstone,1000,,,,Maryland Plecoptera Project,No restrictions,,235,-78.548,39.6952
119,Collection,INHS,Plecoptera 8819,Animalia,Arthropoda,Insecta,Plecoptera,Capniidae,Allocapnia,granulata,"(Claassen, 1924)",Common Snowfly,accepted,species,not type,S.A. Grubbs,2007,12/30/1934,12,30,1934,Vial,"T.H. Frison, H.H. Ross",,,,3,0,0,0,3,,,USA,US,Maryland,Allegany,Town Creek,Flintstone,1000,,,,Maryland Plecoptera Project,No restrictions,,235,-78.548,39.6952
120,Collection,INHS,Plecoptera 8751,Animalia,Arthropoda,Insecta,Plecoptera,Capniidae,Allocapnia,granulata,"(Claassen, 1924)",Common Snowfly,accepted,species,not type,S.A. Grubbs,2007,12/30/1934,12,30,1934,Vial,"T.H. Frison, H.H. Ross",,,,1,0,0,0,1,,,USA,US,Maryland,Allegany,,Piney Grove,1000,,,,Maryland Plecoptera Project,No restrictions,,289,-78.37724,39.70592
121,Collection,RFSC,Plecoptera 16979,Animalia,Arthropoda,Insecta,Plecoptera,Capniidae,Allocapnia,granulata,"(Claassen, 1924)",Common Snowfly,accepted,species,not type,,NA,2/14/1996,2,14,1996,Vial,R.F. Surdick,,stream,PreservedSpecimen,0,0,0,0,0,,,USA,US,Maryland,Allegany,,Dickerson Hollow and Rush,100,WGS84,P.N. Hogan,mapper.acme.com,Maryland Plecoptera Project,No restrictions,"Letter to Dr. Scott Grubbs, year uncertain",267,-78.59874,39.69228
122,Collection,RFSC,Plecoptera 16980,Animalia,Arthropoda,Insecta,Plecoptera,Capniidae,Allocapnia,granulata,"(Claassen, 1924)",Common Snowfly,accepted,species,not type,,NA,2/14/1996,2,14,1996,Vial,R.F. Surdick,,stream,PreservedSpecimen,0,0,0,0,0,,,USA,US,Maryland,Allegany,,Flintstone,100,WGS84,P.N. Hogan,mapper.acme.com,Maryland Plecoptera Project,No restrictions,"Letter to Dr. Scott Grubbs, year uncertain",247,-78.56716,39.70288
123,Collection,RFSC,Plecoptera 16981,Animalia,Arthropoda,Insecta,Plecoptera,Capniidae,Allocapnia,granulata,"(Claassen, 1924)",Common Snowfly,accepted,species,not type,,NA,2/14/1996,2,14,1996,Vial,R.F. Surdick,,stream,PreservedSpecimen,0,0,0,0,0,,,USA,US,Maryland,Allegany,Town Creek,North of Pumpkin Center,100,WGS84,P.N. Hogan,mapper.acme.com,Maryland Plecoptera Project,No restrictions,"Letter to Dr. Scott Grubbs, year uncertain",208,-78.561107,39.63853
124,Collection,WKUC,,Animalia,Arthropoda,Insecta,Plecoptera,Capniidae,Allocapnia,granulata,"(Claassen, 1924)",Common Snowfly,accepted,species,not type,P.N. Hogan,2020,3/11/2020,3,11,2020,vial,P.N. Hogan,PNH-060-20,stream,Preservedspecimen,2,2,0,0,4,"male, female",adult,USA,US,Maryland,Allegany,Town Creek,closed bridge on Old Williams Rd.,10,WGS 84,P.N. Hogan,Google Earth,Maryland Plecoptera Project,No Restrictions,,218,-78.56204,39.66248
125,Collection,WKUC,,Animalia,Arthropoda,Insecta,Plecoptera,Capniidae,Allocapnia,granulata,"(Claassen, 1924)",Common Snowfly,accepted,species,not type,P.N. Hogan,2020,3/11/2020,3,11,2020,vial,P.N. Hogan,PNH-061-20,stream,Preservedspecimen,10,1,0,0,11,"male, female",adult,USA,US,Maryland,Allegany,Town Creek,0.3 mi from Monte Notte Lane,10,WGS 84,P.N. Hogan,Google Earth,Maryland Plecoptera Project,No Restrictions,,211,-78.56272,39.64399
126,Collection,WKUC,,Animalia,Arthropoda,Insecta,Plecoptera,Capniidae,Allocapnia,granulata,"(Claassen, 1924)",Common Snowfly,accepted,species,not type,P.N. Hogan,2020,3/11/2020,3,11,2020,vial,P.N. Hogan,PNH-056-20,stream,Preservedspecimen,29,2,0,0,31,"male, female",adult,USA,US,Maryland,Allegany,Sideling Hill Creek,"Ziegler Rd., past National Guard Base",10,WGS 84,P.N. Hogan,Google Earth,Maryland Plecoptera Project,No Restrictions,,135,-78.34407,39.64959
127,Collection,WKUC,,Animalia,Arthropoda,Insecta,Plecoptera,Capniidae,Allocapnia,granulata,"(Claassen, 1924)",Common Snowfly,accepted,species,not type,S.A. Grubbs,NA,3/23/1996,3,23,1996,vial,S.A. Grubbs,,stream,PreservedSpecimen,0,1,0,0,1,female ,adult,USA,US,Maryland,Allegany,"tributary, Sideling Hill Creek","Stottlemeyer Rd., 0.3 mi NE High Germany Rd.",10,WGS84,P.N. Hogan,mapper.acme.com,Maryland Plecoptera Project,No Restrictions,,205,-78.3688,39.65241
128,Collection,WKUC,,Animalia,Arthropoda,Insecta,Plecoptera,Capniidae,Allocapnia,granulata,"(Claassen, 1924)",Common Snowfly,accepted,species,not type,S.A. Grubbs,NA,3/12/1995,3,12,1995,vial,S.A. Grubbs,,stream,PreservedSpecimen,1,7,0,0,2,female ,adult,USA,US,Maryland,Allegany,Flintstone Creek,Warm Springs Rd.,10,WGS84,S.A. Grubbs,mapper.acme.com,Maryland Plecoptera Project,No Restrictions,,240,-78.56032,39.69752
129,Collection,WKUC,,Animalia,Arthropoda,Insecta,Plecoptera,Capniidae,Allocapnia,granulata,"(Claassen, 1924)",Common Snowfly,accepted,species,not type,S.A. Grubbs,NA,3/11/1995,3,11,1995,vial,S.A. Grubbs,,stream,PreservedSpecimen,1,1,0,0,2,"male, female, ",adult,USA,US,Maryland,Allegany,Potomac River,"Rte. 51, nr. Paw Paw Tunnel",10,WGS84,S.A. Grubbs,mapper.acme.com,Maryland Plecoptera Project,No Restrictions,,150,-78.45894,39.54443
130,Collection,WKUC,,Animalia,Arthropoda,Insecta,Plecoptera,Capniidae,Allocapnia,granulata,"(Claassen, 1924)",Common Snowfly,accepted,species,not type,S.A. Grubbs,NA,2/18/1995,2,18,1995,vial,S.A. Grubbs,,stream,PreservedSpecimen,2,1,0,0,2,male,adult,USA,US,Maryland,Allegany,Sideling Hill Creek,"High Germany Rd., Nature Conservancy",10,WGS84,S.A. Grubbs,mapper.acme.com,Maryland Plecoptera Project,No Restrictions,,193,-78.33145,39.70867
131,Collection,WKUC,,Animalia,Arthropoda,Insecta,Plecoptera,Capniidae,Allocapnia,granulata,"(Claassen, 1924)",Common Snowfly,accepted,species,not type,S.A. Grubbs,NA,2/18/1995,2,18,1995,vial,S.A. Grubbs,,stream,PreservedSpecimen,2,0,0,0,3,"male, female, ",adult,USA,US,Maryland,Allegany,Potomac River,"Rte. 51, nr. Paw Paw Tunnel",10,WGS84,S.A. Grubbs,mapper.acme.com,Maryland Plecoptera Project,No Restrictions,,150,-78.45894,39.54443
132,Collection,WKUC,,Animalia,Arthropoda,Insecta,Plecoptera,Capniidae,Allocapnia,granulata,"(Claassen, 1924)",Common Snowfly,accepted,species,not type,S.A. Grubbs,NA,4/13/1996,4,13,1996,vial,S.A. Grubbs,,stream,PreservedSpecimen,0,3,0,0,3,female ,adult,USA,US,Maryland,Allegany,Sideling Hill Creek,Stottlemeyer Rd.,10,WGS84,S.A. Grubbs,mapper.acme.com,Maryland Plecoptera Project,No Restrictions,,146,-78.36241,39.65834
133,Collection,WKUC,,Animalia,Arthropoda,Insecta,Plecoptera,Capniidae,Allocapnia,granulata,"(Claassen, 1924)",Common Snowfly,accepted,species,not type,S.A. Grubbs,NA,3/12/1995,3,12,1995,vial,S.A. Grubbs,,stream,PreservedSpecimen,4,0,0,0,4,male,adult,USA,US,Maryland,Allegany,Town Creek,Rte. 144,10,WGS84,S.A. Grubbs,mapper.acme.com,Maryland Plecoptera Project,No Restrictions,,231,-78.54774,39.69531
134,Collection,WKUC,,Animalia,Arthropoda,Insecta,Plecoptera,Capniidae,Allocapnia,granulata,"(Claassen, 1924)",Common Snowfly,accepted,species,not type,S.A. Grubbs,NA,3/11/1995,3,11,1995,vial,S.A. Grubbs,,stream,PreservedSpecimen,3,4,0,0,7,"male, female, ",adult,USA,US,Maryland,Allegany,Sideling Hill Creek,"High Germany Rd., Nature Conservancy",10,WGS84,S.A. Grubbs,mapper.acme.com,Maryland Plecoptera Project,No Restrictions,,193,-78.33145,39.70867
135,Collection,WKUC,,Animalia,Arthropoda,Insecta,Plecoptera,Capniidae,Allocapnia,granulata,"(Claassen, 1924)",Common Snowfly,accepted,species,not type,S.A. Grubbs,NA,3/23/1996,3,23,1996,vial,S.A. Grubbs,,stream,PreservedSpecimen,12,5,0,0,17,"male, female, ",adult,USA,US,Maryland,Allegany,Sideling Hill Creek,Stottlemeyer Rd.,10,WGS84,S.A. Grubbs,mapper.acme.com,Maryland Plecoptera Project,No Restrictions,,146,-78.36241,39.65834
136,Collection,INHS,Insect Collection 514581,Animalia,Arthropoda,Insecta,Plecoptera,Capniidae,Allocapnia,granulata,"(Claassen, 1924)",Common Snowfly,accepted,species,not type,R.E. DeWalt,2010,3/7/2010,3,7,2010,Vial,C. Favret,,,,1,0,0,0,1,,,USA,US,Maryland,Frederick,Monocacy River,nr Tuscarora at MD-28,10,,,,Maryland Plecoptera Project,No restrictions,,60,-77.44009,39.24445
137,Collection,INHS,Insect Collection 514589,Animalia,Arthropoda,Insecta,Plecoptera,Capniidae,Allocapnia,granulata,"(Claassen, 1924)",Common Snowfly,accepted,species,not type,R.E. DeWalt,2010,3/7/2010,3,7,2010,Vial,C. Favret,,,,1,0,0,0,1,,,USA,US,Maryland,Frederick,Catoctin Creek,Bells Mill at MD-464,10,,,,Maryland Plecoptera Project,No restrictions,,76,-77.57875,39.33252
138,Collection,INHS,Insect Collection 552203,Animalia,Arthropoda,Insecta,Plecoptera,Capniidae,Allocapnia,granulata,"(Claassen, 1924)",Common Snowfly,accepted,species,not type,R.E. DeWalt,2010,3/7/2010,3,7,2010,Vial,C. Favret,,,,0,1,0,0,1,,,USA,US,Maryland,Frederick,Catoctin Creek,Bells Mill at MD-464,10,,,,Maryland Plecoptera Project,No restrictions,,76,-77.57875,39.33252
139,Collection,INHS,Insect Collection 552204,Animalia,Arthropoda,Insecta,Plecoptera,Capniidae,Allocapnia,granulata,"(Claassen, 1924)",Common Snowfly,accepted,species,not type,R.E. DeWalt,2010,3/7/2010,3,7,2010,Vial,C. Favret,,,,0,1,0,0,1,,,USA,US,Maryland,Frederick,Catoctin Creek,Bells Mill at MD-464,10,,,,Maryland Plecoptera Project,No restrictions,,76,-77.57875,39.33252
140,Collection,INHS,Insect Collection 552205,Animalia,Arthropoda,Insecta,Plecoptera,Capniidae,Allocapnia,granulata,"(Claassen, 1924)",Common Snowfly,accepted,species,not type,R.E. DeWalt,2010,3/7/2010,3,7,2010,Vial,C. Favret,,,,0,1,0,0,1,,,USA,US,Maryland,Frederick,Catoctin Creek,Bells Mill at MD-464,10,,,,Maryland Plecoptera Project,No restrictions,,76,-77.57875,39.33252
141,Collection,INHS,Insect Collection 552206,Animalia,Arthropoda,Insecta,Plecoptera,Capniidae,Allocapnia,granulata,"(Claassen, 1924)",Common Snowfly,accepted,species,not type,R.E. DeWalt,2010,3/7/2010,3,7,2010,Vial,C. Favret,,,,0,1,0,0,1,,,USA,US,Maryland,Frederick,Catoctin Creek,Bells Mill at MD-464,10,,,,Maryland Plecoptera Project,No restrictions,,76,-77.57875,39.33252
142,Collection,INHS,Insect Collection 552207,Animalia,Arthropoda,Insecta,Plecoptera,Capniidae,Allocapnia,granulata,"(Claassen, 1924)",Common Snowfly,accepted,species,not type,R.E. DeWalt,2010,3/7/2010,3,7,2010,Vial,C. Favret,,,,1,0,0,0,1,,,USA,US,Maryland,Frederick,Monocacy River,nr Tuscarora at MD-28,10,,,,Maryland Plecoptera Project,No restrictions,,60,-77.44009,39.24445
143,Collection,INHS,Insect Collection 552208,Animalia,Arthropoda,Insecta,Plecoptera,Capniidae,Allocapnia,granulata,"(Claassen, 1924)",Common Snowfly,accepted,species,not type,R.E. DeWalt,2010,3/7/2010,3,7,2010,Vial,C. Favret,,,,1,0,0,0,1,,,USA,US,Maryland,Frederick,Monocacy River,nr Tuscarora at MD-28,10,,,,Maryland Plecoptera Project,No restrictions,,60,-77.44009,39.24445
144,Collection,INHS,Insect Collection 552209,Animalia,Arthropoda,Insecta,Plecoptera,Capniidae,Allocapnia,granulata,"(Claassen, 1924)",Common Snowfly,accepted,species,not type,R.E. DeWalt,2010,3/7/2010,3,7,2010,Vial,C. Favret,,,,1,0,0,0,1,,,USA,US,Maryland,Frederick,Monocacy River,nr Tuscarora at MD-28,10,,,,Maryland Plecoptera Project,No restrictions,,60,-77.44009,39.24445
145,Collection,INHS,Insect Collection 552210,Animalia,Arthropoda,Insecta,Plecoptera,Capniidae,Allocapnia,granulata,"(Claassen, 1924)",Common Snowfly,accepted,species,not type,R.E. DeWalt,2010,3/7/2010,3,7,2010,Vial,C. Favret,,,,0,1,0,0,1,,,USA,US,Maryland,Frederick,Monocacy River,nr Tuscarora at MD-28,10,,,,Maryland Plecoptera Project,No restrictions,,60,-77.44009,39.24445
146,Collection,INHS,Insect Collection 552213,Animalia,Arthropoda,Insecta,Plecoptera,Capniidae,Allocapnia,granulata,"(Claassen, 1924)",Common Snowfly,accepted,species,not type,R.E. DeWalt,2010,3/7/2010,3,7,2010,Vial,C. Favret,,,,0,1,0,0,1,,,USA,US,Maryland,Frederick,Monocacy River,nr Tuscarora at MD-28,10,,,,Maryland Plecoptera Project,No restrictions,,60,-77.44009,39.24445
147,Collection,INHS,Insect Collection 552214,Animalia,Arthropoda,Insecta,Plecoptera,Capniidae,Allocapnia,granulata,"(Claassen, 1924)",Common Snowfly,accepted,species,not type,R.E. DeWalt,2010,3/7/2010,3,7,2010,Vial,C. Favret,,,,0,1,0,0,1,,,USA,US,Maryland,Frederick,Monocacy River,nr Tuscarora at MD-28,10,,,,Maryland Plecoptera Project,No restrictions,,60,-77.44009,39.24445
148,Collection,INHS,Insect Collection 552215,Animalia,Arthropoda,Insecta,Plecoptera,Capniidae,Allocapnia,granulata,"(Claassen, 1924)",Common Snowfly,accepted,species,not type,R.E. DeWalt,2010,3/7/2010,3,7,2010,Vial,C. Favret,,,,0,2,0,0,2,,,USA,US,Maryland,Frederick,Monocacy River,nr Tuscarora at MD-28,10,,,,Maryland Plecoptera Project,No restrictions,,60,-77.44009,39.24445
149,Collection,INHS,Insect Collection 552216,Animalia,Arthropoda,Insecta,Plecoptera,Capniidae,Allocapnia,granulata,"(Claassen, 1924)",Common Snowfly,accepted,species,not type,R.E. DeWalt,2010,3/7/2010,3,7,2010,Vial,C. Favret,,,,0,2,0,0,2,,,USA,US,Maryland,Frederick,Monocacy River,nr Tuscarora at MD-28,10,,,,Maryland Plecoptera Project,No restrictions,,60,-77.44009,39.24445
150,Collection,INHS,Insect Collection 552201,Animalia,Arthropoda,Insecta,Plecoptera,Capniidae,Allocapnia,granulata,"(Claassen, 1924)",Common Snowfly,accepted,species,not type,R.E. DeWalt,2010,3/7/2010,3,7,2010,Vial,C. Favret,,,,1,0,0,0,1,,,USA,US,Maryland,Frederick,Catoctin Creek,Bells Mill at MD-464,10,,,,Maryland Plecoptera Project,No restrictions,,76,-77.57875,39.33252
151,Collection,INHS,Insect Collection 552202,Animalia,Arthropoda,Insecta,Plecoptera,Capniidae,Allocapnia,granulata,"(Claassen, 1924)",Common Snowfly,accepted,species,not type,R.E. DeWalt,2010,3/7/2010,3,7,2010,Vial,C. Favret,,,,0,1,0,0,1,,,USA,US,Maryland,Frederick,Catoctin Creek,Bells Mill at MD-464,10,,,,Maryland Plecoptera Project,No restrictions,,76,-77.57875,39.33252
152,Collection,INHS,Insect Collection 552211,Animalia,Arthropoda,Insecta,Plecoptera,Capniidae,Allocapnia,granulata,"(Claassen, 1924)",Common Snowfly,accepted,species,not type,R.E. DeWalt,2010,3/7/2010,3,7,2010,Vial,C. Favret,,,,0,1,0,0,1,,,USA,US,Maryland,Frederick,Monocacy River,nr Tuscarora at MD-28,10,,,,Maryland Plecoptera Project,No restrictions,,60,-77.44009,39.24445
153,Collection,INHS,Insect Collection 552212,Animalia,Arthropoda,Insecta,Plecoptera,Capniidae,Allocapnia,granulata,"(Claassen, 1924)",Common Snowfly,accepted,species,not type,R.E. DeWalt,2010,3/7/2010,3,7,2010,Vial,C. Favret,,,,0,1,0,0,1,,,USA,US,Maryland,Frederick,Monocacy River,nr Tuscarora at MD-28,10,,,,Maryland Plecoptera Project,No restrictions,,60,-77.44009,39.24445
154,Literature,"Literature (Duffield and Nelson, 1990)",,Animalia,Arthropoda,Insecta,Plecoptera,Capniidae,Allocapnia,granulata,"(Claassen, 1924)",Common Snowfly,accepted,species,not type,,NA,NA,NA,NA,NA,,,,,,0,0,0,0,1,,-,USA,US,Maryland,Frederick,Big Hunting Creek,Catoctin Mountain Park,10000,WGS84,P.N. Hogan,Acme.mapper 2.3,Maryland Plecoptera Project,No restrictions,,454,-77.45,39.61666667
155,Literature,"Literature (Duffield and Nelson, 1993)",,Animalia,Arthropoda,Insecta,Plecoptera,Capniidae,Allocapnia,granulata,"(Claassen, 1924)",Common Snowfly,accepted,species,not type,,NA,NA,NA,NA,NA,,R.M. Duffield,,stream,PreservedSpecimen,0,0,0,0,3,female,-,USA,US,Maryland,Frederick,Big Hunting Creek,Catoctin Mountain Park,10000,WGS85,P.N. Hogan,Acme.mapper 2.2,Maryland Plecoptera Project,No restrictions,,454,-77.45,39.61666667
156,Collection,USNM,,Animalia,Arthropoda,Insecta,Plecoptera,Capniidae,Allocapnia,granulata,"(Claassen, 1924)",Common Snowfly,accepted,species,not type,S.A. Grubbs,NA,1/6/1973,1,6,1973,vial,,,stream,PreservedSpecimen,1,1,0,0,2,"male, female",adult,USA,US,Maryland,Frederick,Bennett Creek,"Park Mills Rd., Park Mills",10,WGS84,P.N. Hogan,,Maryland Plecoptera Project,No Restrictions,,72,-77.409425,39.297822
157,Collection,WKUC,,Animalia,Arthropoda,Insecta,Plecoptera,Capniidae,Allocapnia,granulata,"(Claassen, 1924)",Common Snowfly,accepted,species,not type,S.A. Grubbs,NA,12/10/1996,12,10,1996,vial,S.A. Grubbs,,stream,PreservedSpecimen,1,0,0,0,1,male,adult,USA,US,Maryland,Frederick,Linganore Creek,Rte. 75,10,WGS84,S.A. Grubbs,mapper.acme.com,Maryland Plecoptera Project,No Restrictions,apical segment of upper limb MUCH shorter than basal segment,109,-77.2484,39.44739
158,Collection,WKUC,,Animalia,Arthropoda,Insecta,Plecoptera,Capniidae,Allocapnia,granulata,"(Claassen, 1924)",Common Snowfly,accepted,species,not type,P.N. Hogan,2020,3/13/2020,3,13,2020,vial,P.N. Hogan,PNH-083-20,stream,Preservedspecimen,1,0,0,0,1,male,adult,USA,US,Maryland,Garrett,Casselman River,handicapped fisherman river access under I-68 off US-40,10,WGS 84,P.N. Hogan,Google Earth,Maryland Plecoptera Project,No Restrictions,,644,-79.14031,39.69512
159,Literature,"Literature (Needhan & Claassen, 1925)",,Animalia,Arthropoda,Insecta,Plecoptera,Capniidae,Allocapnia,granulata,"(Claassen, 1924)",Common Snowfly,accepted,species,not type,,NA,3/3/1903,3,3,1903,,,,stream,PreservedSpecimen,0,0,0,0,0,"male, female",adult,USA,US,Maryland,Montgomery,Potomac River,Plummers Island,10,WGS84,P.N. Hogan,Acme.mapper 2.2,Maryland Plecoptera Project,No restrictions,,30,-77.17662,38.96967
160,Collection,INHS,Plecoptera 8842,Animalia,Arthropoda,Insecta,Plecoptera,Capniidae,Allocapnia,granulata,"(Claassen, 1924)",Common Snowfly,accepted,species,not type,S.A. Grubbs,2007,2/25/1938,2,25,1938,Vial,B.D. Burks,,,,10,2,0,0,12,,,USA,US,Maryland,Prince George's,Patuxent River,Priests Bridge,1000,,,,Maryland Plecoptera Project,No restrictions,,10,-76.7058,38.9887
161,Collection,INHS,Insect Collection 654536,Animalia,Arthropoda,Insecta,Plecoptera,Capniidae,Allocapnia,granulata,"(Claassen, 1924)",Common Snowfly,accepted,species,not type,R.E. DeWalt,2013,3/10/2013,3,10,2013,Vial,R.E. DeWalt,,,,5,5,0,0,10,,,USA,US,Maryland,Washington,Sidling Hill Creek,McFarland Road,10,,,,Maryland Plecoptera Project,No restrictions,,190,-78.31698,39.70034
162,Collection,INHS,Plecoptera 8754,Animalia,Arthropoda,Insecta,Plecoptera,Capniidae,Allocapnia,granulata,"(Claassen, 1924)",Common Snowfly,accepted,species,not type,S.A. Grubbs,2007,12/30/1934,12,30,1934,Vial,"T.H. Frison, H.H. Ross",,,,4,1,0,0,5,,,USA,US,Maryland,Washington,Tonoloway River,Hancock,1000,,,,Maryland Plecoptera Project,No restrictions,,124,-78.1544,39.6985
163,Collection,RFSC,Plecoptera 16982,Animalia,Arthropoda,Insecta,Plecoptera,Capniidae,Allocapnia,granulata,"(Claassen, 1924)",Common Snowfly,accepted,species,not type,,NA,2/8/1996,2,8,1996,Vial,R.F. Surdick,,stream,PreservedSpecimen,0,0,0,0,0,,,USA,US,Maryland,Washington,Licking Creek,Pecktonville,100,WGS84,P.N. Hogan,mapper.acme.com,Maryland Plecoptera Project,No restrictions,"Letter to Dr. Scott Grubbs, year uncertain",120,-78.04102,39.66913
164,Collection,USNM,,Animalia,Arthropoda,Insecta,Plecoptera,Capniidae,Allocapnia,granulata,"(Claassen, 1924)",Common Snowfly,accepted,species,not type,S.A. Grubbs,NA,2/2/1975,2,2,1975,vial,,,stream,PreservedSpecimen,1,0,0,0,1,male,adult,USA,US,Maryland,Washington,Tonoloway Creek,C & O Canal,10,WGS84,P.N. Hogan,,Maryland Plecoptera Project,No Restrictions,,119,-78.156647,39.693943
165,Collection,USNM,,Animalia,Arthropoda,Insecta,Plecoptera,Capniidae,Allocapnia,granulata,"(Claassen, 1924)",Common Snowfly,accepted,species,not type,S.A. Grubbs,NA,2/2/1975,2,2,1975,vial,,,stream,PreservedSpecimen,28,14,0,0,42,"male, female",adult,USA,US,Maryland,Washington,Licking Creek,C & O Canal,10,WGS84,P.N. Hogan,,Maryland Plecoptera Project,No Restrictions,,114,-78.048642,39.651337
166,Collection,WKUC,,Animalia,Arthropoda,Insecta,Plecoptera,Capniidae,Allocapnia,granulata,"(Claassen, 1924)",Common Snowfly,accepted,species,not type,P.N. Hogan,2020,3/10/2020,3,10,2020,vial,P.N. Hogan,PNH-039-20,stream,Preservedspecimen,0,3,0,0,3,female,adult,USA,US,Maryland,Washington,Little Tonoloway Creek,"Little Tonoloway Chesapeake & Ohio Canal access from Berm Rd., Hancock, Chesapeake & Ohio Canal",10,WGS 84,P.N. Hogan,Google Earth,Maryland Plecoptera Project,No Restrictions,,126,-78.18261,39.69812
167,Collection,WKUC,,Animalia,Arthropoda,Insecta,Plecoptera,Capniidae,Allocapnia,granulata,"(Claassen, 1924)",Common Snowfly,accepted,species,not type,P.N. Hogan,2020,3/10/2020,3,10,2020,vial,P.N. Hogan,PNH-040-20,stream,Preservedspecimen,1,1,0,0,2,"male, female",adult,USA,US,Maryland,Washington,Chesapeake & Ohio Canal,"Hancock Maryland Parking, Chesapeake & Ohio Canal",10,WGS 84,P.N. Hogan,Google Earth,Maryland Plecoptera Project,No Restrictions,,127,-78.17793,39.69807
168,Collection,WKUC,,Animalia,Arthropoda,Insecta,Plecoptera,Capniidae,Allocapnia,granulata,"(Claassen, 1924)",Common Snowfly,accepted,species,not type,P.N. Hogan,2020,3/10/2020,3,10,2020,vial,P.N. Hogan,PNH-042-20,stream,Preservedspecimen,77,65,0,0,142,"male, female",adult,USA,US,Maryland,Washington,Tonoloway Creek,"Western Maryland Rail Trail bridge, Western Maryland Rail Trail",10,WGS 84,P.N. Hogan,Google Earth,Maryland Plecoptera Project,No Restrictions,,118,-78.15626,39.69492
169,Collection,WKUC,,Animalia,Arthropoda,Insecta,Plecoptera,Capniidae,Allocapnia,granulata,"(Claassen, 1924)",Common Snowfly,accepted,species,not type,P.N. Hogan,2020,3/10/2020,3,10,2020,vial,P.N. Hogan,PNH-043-20,stream,Preservedspecimen,0,3,0,0,3,female,adult,USA,US,Maryland,Washington,Little Tonoloway Creek,"Widmeyer Park, bridge",10,WGS 84,P.N. Hogan,Google Earth,Maryland Plecoptera Project,No Restrictions,,124,-78.18873,39.70146
170,Collection,WKUC,,Animalia,Arthropoda,Insecta,Plecoptera,Capniidae,Allocapnia,granulata,"(Claassen, 1924)",Common Snowfly,accepted,species,not type,P.N. Hogan,2020,3/10/2020,3,10,2020,vial,P.N. Hogan,PNH-044-20,stream,Preservedspecimen,7,8,0,0,15,"male, female",adult,USA,US,Maryland,Washington,Little Tonoloway Creek,"Kirkwood Park, bridge on Kirk Farm Rd.",10,WGS 84,P.N. Hogan,Google Earth,Maryland Plecoptera Project,No Restrictions,,130,-78.19972,39.70799
171,Collection,WKUC,,Animalia,Arthropoda,Insecta,Plecoptera,Capniidae,Allocapnia,granulata,"(Claassen, 1924)",Common Snowfly,accepted,species,not type,P.N. Hogan,2020,3/10/2020,3,10,2020,vial,P.N. Hogan,PNH-045-20,stream,Preservedspecimen,1,0,0,0,1,male,adult,USA,US,Maryland,Washington,Little Tonoloway Creek,Kirkwood Park footbridge,10,WGS 84,P.N. Hogan,Google Earth,Maryland Plecoptera Project,No Restrictions,,128,-78.19741,39.70799
172,Collection,WKUC,,Animalia,Arthropoda,Insecta,Plecoptera,Capniidae,Allocapnia,granulata,"(Claassen, 1924)",Common Snowfly,accepted,species,not type,P.N. Hogan,2020,3/10/2020,3,10,2020,vial,P.N. Hogan,PNH-046-20,stream,Preservedspecimen,31,8,0,0,39,"male, female",adult,USA,US,Maryland,Washington,Sideling Hill Creek,"High Germany Rd., just off I-68, Sideling Hill Nature Conservancy",10,WGS 84,P.N. Hogan,Google Earth,Maryland Plecoptera Project,No Restrictions,,190,-78.33141,39.70864
173,Collection,WKUC,,Animalia,Arthropoda,Insecta,Plecoptera,Capniidae,Allocapnia,granulata,"(Claassen, 1924)",Common Snowfly,accepted,species,not type,P.N. Hogan,2020,3/10/2020,3,10,2020,vial,P.N. Hogan,PNH-036-20,stream,Preservedspecimen,0,2,0,0,2,female,adult,USA,US,Maryland,Washington,Rattle Run,intersection of Indian Springs Rd. and Mooresville Rd.,10,WGS 84,P.N. Hogan,Google Earth,Maryland Plecoptera Project,No Restrictions,,166,-78.02154,39.69114
174,Collection,WKUC,,Animalia,Arthropoda,Insecta,Plecoptera,Capniidae,Allocapnia,granulata,"(Claassen, 1924)",Common Snowfly,accepted,species,not type,P.N. Hogan,2020,3/10/2020,3,10,2020,vial,P.N. Hogan,PNH-037-20,stream,Preservedspecimen,87,15,0,0,102,"male, female",adult,USA,US,Maryland,Washington,Licking Creek,"Pectonville Rd., private property but allows fisherman access",10,WGS 84,P.N. Hogan,Google Earth,Maryland Plecoptera Project,No Restrictions,,124,-78.04046,39.67635
175,Collection,WKUC,,Animalia,Arthropoda,Insecta,Plecoptera,Capniidae,Allocapnia,granulata,"(Claassen, 1924)",Common Snowfly,accepted,species,not type,P.N. Hogan,2020,3/10/2020,3,10,2020,vial,P.N. Hogan,PNH-038-20,stream,Preservedspecimen,184,81,0,0,265,"male, female",adult,USA,US,Maryland,Washington,Licking Creek,"Pectonville Rd., bridge north of Camp Harding",10,WGS 84,P.N. Hogan,Google Earth,Maryland Plecoptera Project,No Restrictions,,123,-78.04289,39.67598
176,Collection,WKUC,,Animalia,Arthropoda,Insecta,Plecoptera,Capniidae,Allocapnia,granulata,"(Claassen, 1924)",Common Snowfly,accepted,species,not type,S.A. Grubbs,NA,2/24/1996,2,24,1996,vial,S.A. Grubbs,,stream,PreservedSpecimen,2,2,0,0,1,female ,adult,USA,US,Maryland,Washington,Beaver Creek,U.S. 40,10,WGS84,S.A. Grubbs,mapper.acme.com,Maryland Plecoptera Project,No Restrictions,,145,-77.65581,39.57801
177,Collection,WKUC,,Animalia,Arthropoda,Insecta,Plecoptera,Capniidae,Allocapnia,granulata,"(Claassen, 1924)",Common Snowfly,accepted,species,not type,S.A. Grubbs,NA,2/24/1996,2,24,1996,vial,S.A. Grubbs,,stream,PreservedSpecimen,54,0,1,0,4,"male, female, ",adult,USA,US,Maryland,Washington,Beaver Creek,"Benevola-Newcomer Rd., 0.9 mi S U.S. Alt 40",10,WGS84,S.A. Grubbs,mapper.acme.com,Maryland Plecoptera Project,No Restrictions,,121,-77.69372,39.54377
178,Collection,WKUC,,Animalia,Arthropoda,Insecta,Plecoptera,Capniidae,Allocapnia,granulata,"(Claassen, 1924)",Common Snowfly,accepted,species,not type,S.A. Grubbs,NA,3/12/1995,3,12,1995,vial,S.A. Grubbs,,stream,PreservedSpecimen,9,12,0,0,8,"male, female, ",adult,USA,US,Maryland,Washington,Conococheague Creek,Wishard Rd.,10,WGS84,S.A. Grubbs,mapper.acme.com,Maryland Plecoptera Project,No Restrictions,,120,-77.82559,39.71628
179,Collection,WKUC,,Animalia,Arthropoda,Insecta,Plecoptera,Capniidae,Allocapnia,granulata,"(Claassen, 1924)",Common Snowfly,accepted,species,not type,S.A. Grubbs,NA,2/11/1996,2,11,1996,vial,S.A. Grubbs,,stream,PreservedSpecimen,36,1,0,0,13,"male, female, ",adult,USA,US,Maryland,Washington,Conococheague Creek,"Wishard Rd., USGS Gaging Station",10,WGS84,S.A. Grubbs,mapper.acme.com,Maryland Plecoptera Project,No Restrictions,,120,-77.82559,39.71628
180,Collection,WKUC,,Animalia,Arthropoda,Insecta,Plecoptera,Capniidae,Allocapnia,granulata,"(Claassen, 1924)",Common Snowfly,accepted,species,not type,S.A. Grubbs,NA,3/12/1995,3,12,1995,vial,S.A. Grubbs,,stream,PreservedSpecimen,0,2,0,0,21,"male, female, ",adult,USA,US,Maryland,Washington,Potomac River,,10,WGS84,S.A. Grubbs,mapper.acme.com,Maryland Plecoptera Project,No Restrictions,,111,-78.01073,39.60574
181,Collection,WKUC,,Animalia,Arthropoda,Insecta,Plecoptera,Capniidae,Allocapnia,granulata,"(Claassen, 1924)",Common Snowfly,accepted,species,not type,S.A. Grubbs,NA,2/11/1996,2,11,1996,vial,S.A. Grubbs,,stream,PreservedSpecimen,50,7,0,0,37,"male, female, ",adult,USA,US,Maryland,Washington,Tonoloway Creek,Tollgate Ridge Rd.,10,WGS84,S.A. Grubbs,mapper.acme.com,Maryland Plecoptera Project,No Restrictions,,120,-78.15651,39.69808
182,Collection,WKUC,,Animalia,Arthropoda,Insecta,Plecoptera,Capniidae,Allocapnia,granulata,"(Claassen, 1924)",Common Snowfly,accepted,species,not type,S.A. Grubbs,NA,2/24/1996,2,24,1996,vial,S.A. Grubbs,,stream,PreservedSpecimen,0,1,0,0,55,"male, , larvae","adult, larvae",USA,US,Maryland,Washington,Conococheague Creek,"Wishard Rd., USGS Gaging Station",10,WGS84,S.A. Grubbs,mapper.acme.com,Maryland Plecoptera Project,No Restrictions,,120,-77.82559,39.71628
183,Collection,WKUC,,Animalia,Arthropoda,Insecta,Plecoptera,Capniidae,Allocapnia,granulata,"(Claassen, 1924)",Common Snowfly,accepted,species,not type,S.A. Grubbs,NA,2/11/1996,2,11,1996,vial,S.A. Grubbs,,stream,PreservedSpecimen,9,4,0,0,57,"male, female, ",adult,USA,US,Maryland,Washington,Licking Creek,Pectonville Rd.,10,WGS84,S.A. Grubbs,mapper.acme.com,Maryland Plecoptera Project,No Restrictions,,123,-78.04303,39.67598
184,Collection,WKUC,,Animalia,Arthropoda,Insecta,Plecoptera,Capniidae,Allocapnia,granulata,"(Claassen, 1924)",Common Snowfly,accepted,species,not type,S.A. Grubbs,NA,3/16/1996,3,16,1996,vial,S.A. Grubbs,,stream,PreservedSpecimen,184,69,0,0,253,"male, female, ",adult,USA,US,Maryland,Washington,Licking Creek,Pectonville Rd.,10,WGS84,S.A. Grubbs,mapper.acme.com,Maryland Plecoptera Project,No Restrictions,,123,-78.04303,39.67598
185,Collection,WKUC,,Animalia,Arthropoda,Insecta,Plecoptera,Capniidae,Allocapnia,harperi,"Kirchner, 1980", Stonyfork Snowfly,accepted,species,not type,S.A. Grubbs,NA,3/7/1996,3,7,1996,vial,S.A. Grubbs,,stream,PreservedSpecimen,0,1,0,0,1,female ,adult,USA,US,Maryland,Garrett,"spring, Elk Lick Run","near Mt. Zion Rd., 0.7 mi SE Rte. 135",10,WGS84,P.N. Hogan,mapper.acme.com,Maryland Plecoptera Project,No Restrictions,,418,-79.18888, 39.45400 
186,Collection,WKUC,,Animalia,Arthropoda,Insecta,Plecoptera,Capniidae,Allocapnia,harperi,"Kirchner, 1980", Stonyfork Snowfly,accepted,species,not type,S.A. Grubbs,NA,3/16/1996,3,16,1996,vial,S.A. Grubbs,,stream,PreservedSpecimen,1,0,0,0,1,male,adult,USA,US,Maryland,Garrett,Steyer Run,White Church-Steyer Rd.,10,WGS84,S.A. Grubbs,mapper.acme.com,Maryland Plecoptera Project,No Restrictions,,710,-79.31147,39.30655
187,Collection,WKUC,,Animalia,Arthropoda,Insecta,Plecoptera,Capniidae,Allocapnia,harperi,"Kirchner, 1980", Stonyfork Snowfly,accepted,species,not type,S.A. Grubbs,NA,3/17/1996,3,17,1996,vial,S.A. Grubbs,,stream,PreservedSpecimen,1,0,0,0,1,male,adult,USA,US,Maryland,Garrett,Swamp Run,Swamp Rd.,10,WGS84,S.A. Grubbs,mapper.acme.com,Maryland Plecoptera Project,No Restrictions,,773,-79.06498,39.57884
188,Collection,WKUC,,Animalia,Arthropoda,Insecta,Plecoptera,Capniidae,Allocapnia,harperi,"Kirchner, 1980", Stonyfork Snowfly,accepted,species,not type,S.A. Grubbs,NA,3/6/1996,3,6,1996,vial,S.A. Grubbs,,stream,PreservedSpecimen,1,0,0,0,1,male,adult,USA,US,Maryland,Garrett,"tributary, Mill Run","Michael Rd., 1 mi SE Westernport Rd.",10,WGS85,P.N. Hogan,mapper.acme.com,Maryland Plecoptera Project,No Restrictions,,750,-79.06282,39.55878
189,Collection,WKUC,,Animalia,Arthropoda,Insecta,Plecoptera,Capniidae,Allocapnia,harperi,"Kirchner, 1980", Stonyfork Snowfly,accepted,species,not type,S.A. Grubbs,NA,2/28/1996,2,28,1996,vial,S.A. Grubbs,,stream,PreservedSpecimen,1,1,0,0,2,"male, female, ",adult,USA,US,Maryland,Garrett,Swamp Run,Swamp Rd.,10,WGS84,S.A. Grubbs,mapper.acme.com,Maryland Plecoptera Project,No Restrictions,,773,-79.06498,39.57884
190,Collection,WKUC,,Animalia,Arthropoda,Insecta,Plecoptera,Capniidae,Allocapnia,harperi,"Kirchner, 1980", Stonyfork Snowfly,accepted,species,not type,S.A. Grubbs,NA,3/8/1997,3,8,1997,vial,S.A. Grubbs,,stream,PreservedSpecimen,7,12,0,0,3,"male, female, ",adult,USA,US,Maryland,Garrett,"spring, South Prong. Lostland Run",0.5 mi SE North Prong. Lostland Run,10,WGS84,P.N. Hogan,mapper.acme.com,Maryland Plecoptera Project,No Restrictions,,739,-79.27712,39.38217
191,Collection,WKUC,,Animalia,Arthropoda,Insecta,Plecoptera,Capniidae,Allocapnia,harperi,"Kirchner, 1980", Stonyfork Snowfly,accepted,species,not type,S.A. Grubbs,NA,3/8/1997,3,8,1997,vial,S.A. Grubbs,,stream,PreservedSpecimen,1,4,0,0,4,"male, female, ",adult,USA,US,Maryland,Garrett,"spring, North Branch Potomac River",0.2 mi downstream Lostland Run confluence,10,WGS84,P.N. Hogan,mapper.acme.com,Maryland Plecoptera Project,No Restrictions,,639,-79.25148,39.36932
192,Collection,WKUC,,Animalia,Arthropoda,Insecta,Plecoptera,Capniidae,Allocapnia,harperi,"Kirchner, 1980", Stonyfork Snowfly,accepted,species,not type,S.A. Grubbs,NA,3/6/1996,3,6,1996,vial,S.A. Grubbs,,stream,PreservedSpecimen,3,1,0,0,4,"male, female, ",adult,USA,US,Maryland,Garrett,"tributary, Mill Run","Michael Rd., 0.75 mi SE Westernport Rd.",10,WGS84,P.N. Hogan,mapper.acme.com,Maryland Plecoptera Project,No Restrictions,,750,-79.06282,39.55878
193,Collection,WKUC,,Animalia,Arthropoda,Insecta,Plecoptera,Capniidae,Allocapnia,harperi,"Kirchner, 1980", Stonyfork Snowfly,accepted,species,not type,S.A. Grubbs,NA,3/8/1997,3,8,1997,vial,S.A. Grubbs,,stream,PreservedSpecimen,1,2,0,0,5,"male, female, ",adult,USA,US,Maryland,Garrett,"spring, North Branch Potomac River","Audley-Riley Rd., 1.3 mi SE Laurel Run Rd,",1000,WGS84,P.N. Hogan,mapper.acme.com,Maryland Plecoptera Project,No Restrictions,,826,-79.30455,39.33886
194,Collection,WKUC,,Animalia,Arthropoda,Insecta,Plecoptera,Capniidae,Allocapnia,harperi,"Kirchner, 1980", Stonyfork Snowfly,accepted,species,not type,S.A. Grubbs,NA,3/24/1996,3,24,1996,vial,S.A. Grubbs,,stream,PreservedSpecimen,3,2,0,0,5,"male, female, ",adult,USA,US,Maryland,Garrett,"tributary, Swamp Run","Swamp Rd., 0.7 mi E Westernport Rd.",10,WGS84,S.A. Grubbs,mapper.acme.com,Maryland Plecoptera Project,No Restrictions,,781,-79.05999,39.57996
195,Collection,WKUC,,Animalia,Arthropoda,Insecta,Plecoptera,Capniidae,Allocapnia,harperi,"Kirchner, 1980", Stonyfork Snowfly,accepted,species,not type,S.A. Grubbs,NA,3/24/1996,3,24,1996,vial,S.A. Grubbs,,stream,PreservedSpecimen,3,2,0,0,5,"male, female, ",adult,USA,US,Maryland,Garrett,"tributary, Swamp Run","Swamp Rd., 0.6 mi E Westernport Rd.",10,WGS84,P.N. Hogan,mapper.acme.com,Maryland Plecoptera Project,No Restrictions,,760,-79.06153,39.5814
196,Collection,WKUC,,Animalia,Arthropoda,Insecta,Plecoptera,Capniidae,Allocapnia,harperi,"Kirchner, 1980", Stonyfork Snowfly,accepted,species,not type,S.A. Grubbs,NA,4/3/1996,4,3,1996,vial,S.A. Grubbs,,stream,PreservedSpecimen,1,4,0,0,5,"male, female, ",adult,USA,US,Maryland,Garrett,"tributary, Swamp Run","Swamp Rd., 0.7 mi E Westernport Rd.",10,WGS84,S.A. Grubbs,mapper.acme.com,Maryland Plecoptera Project,No Restrictions,,781,-79.05999,39.57996
197,Collection,WKUC,,Animalia,Arthropoda,Insecta,Plecoptera,Capniidae,Allocapnia,harperi,"Kirchner, 1980", Stonyfork Snowfly,accepted,species,not type,S.A. Grubbs,NA,3/7/1996,3,7,1996,vial,S.A. Grubbs,,stream,PreservedSpecimen,0,6,0,0,6,female ,adult,USA,US,Maryland,Garrett,"tributary, Mill Run","Westernport Rd., 1.0 mi S Pine Swamp Rd.",10,WGS84,S.A. Grubbs,mapper.acme.com,Maryland Plecoptera Project,No Restrictions,,828,-79.0797,39.552
198,Collection,WKUC,,Animalia,Arthropoda,Insecta,Plecoptera,Capniidae,Allocapnia,harperi,"Kirchner, 1980", Stonyfork Snowfly,accepted,species,not type,S.A. Grubbs,NA,3/7/1996,3,7,1996,vial,S.A. Grubbs,,stream,PreservedSpecimen,3,9,0,0,9,"male, female, ",adult,USA,US,Maryland,Garrett,"tributary, Mill Run","Michael Rd., 0.3 mi SE Westernport Rd.",10,WGS84,S.A. Grubbs,mapper.acme.com,Maryland Plecoptera Project,No Restrictions,,793,-79.0672,39.5609
199,Collection,WKUC,,Animalia,Arthropoda,Insecta,Plecoptera,Capniidae,Allocapnia,harperi,"Kirchner, 1980", Stonyfork Snowfly,accepted,species,not type,S.A. Grubbs,NA,3/8/1997,3,8,1997,vial,S.A. Grubbs,,stream,PreservedSpecimen,1,3,0,0,12,"male, female, ",adult,USA,US,Maryland,Garrett,"spring, North Prong. Lostland Run",nr. confluence with South Prong. Lostland Run,10,WGS84,P.N. Hogan,mapper.acme.com,Maryland Plecoptera Project,No Restrictions,,653,-79.25442,39.37202
200,Collection,WKUC,,Animalia,Arthropoda,Insecta,Plecoptera,Capniidae,Allocapnia,harperi,"Kirchner, 1980", Stonyfork Snowfly,accepted,species,not type,S.A. Grubbs,NA,3/7/1996,3,7,1996,vial,S.A. Grubbs,,stream,PreservedSpecimen,1,8,0,0,12,"male, female, ",adult,USA,US,Maryland,Garrett,"tributary, Mill Run","Westernport Rd., 1.7 mi S Pine Swamp Rd.",10,WGS84,S.A. Grubbs,mapper.acme.com,Maryland Plecoptera Project,No Restrictions,,709,-79.0759,39.54565
201,Collection,WKUC,,Animalia,Arthropoda,Insecta,Plecoptera,Capniidae,Allocapnia,harperi,"Kirchner, 1980", Stonyfork Snowfly,accepted,species,not type,S.A. Grubbs,NA,3/8/1997,3,8,1997,vial,S.A. Grubbs,,stream,PreservedSpecimen,5,7,0,0,19,"male, female, ",adult,USA,US,Maryland,Garrett,"spring, tributary, North Branch Potomac River","nr. Audley-Riley Rd., 2.4 mi SE Laurel Run Rd.",1000,WGS84,P.N. Hogan,mapper.acme.com,Maryland Plecoptera Project,No Restrictions,,826,-79.30455,39.33886
202,Collection,WKUC,,Animalia,Arthropoda,Insecta,Plecoptera,Capniidae,Allocapnia,harperi,"Kirchner, 1980", Stonyfork Snowfly,accepted,species,not type,S.A. Grubbs,NA,3/2/1996,3,2,1996,vial,S.A. Grubbs,,stream,PreservedSpecimen,31,25,0,0,19,"male, female, ",adult,USA,US,Maryland,Garrett,"tributary, Swamp Run","Swamp Rd., 0.6 mi E Westernport Rd.",10,WGS84,P.N. Hogan,mapper.acme.com,Maryland Plecoptera Project,No Restrictions,,760,-79.06153,39.5814
203,Collection,WKUC,,Animalia,Arthropoda,Insecta,Plecoptera,Capniidae,Allocapnia,harperi,"Kirchner, 1980", Stonyfork Snowfly,accepted,species,not type,S.A. Grubbs,NA,3/6/1996,3,6,1996,vial,S.A. Grubbs,,stream,PreservedSpecimen,17,16,0,0,33,"male, female, ",adult,USA,US,Maryland,Garrett,"tributary, Mill Run","Michael Rd., 0.7 mi SE Westernport Rd.",10,WGS84,S.A. Grubbs,mapper.acme.com,Maryland Plecoptera Project,No Restrictions,,742,-79.05931,39.5586
204,Collection,WKUC,,Animalia,Arthropoda,Insecta,Plecoptera,Capniidae,Allocapnia,harperi,"Kirchner, 1980", Stonyfork Snowfly,accepted,species,not type,S.A. Grubbs,NA,3/2/1996,3,2,1996,vial,S.A. Grubbs,,stream,PreservedSpecimen,17,2,0,0,56,"male, female, ",adult,USA,US,Maryland,Garrett,"tributary, Swamp Run","Swamp Rd., 0.7 mi E Westernport Rd.",10,WGS84,S.A. Grubbs,mapper.acme.com,Maryland Plecoptera Project,No Restrictions,,781,-79.05999,39.57996
205,Collection,RFSC,Plecoptera 16983,Animalia,Arthropoda,Insecta,Plecoptera,Capniidae,Allocapnia,illinoensis,"Frison, 1935",Illinois Snowfly,accepted,species,not type,,NA,2/14/1996,2,14,1996,Vial,R.F. Surdick,,stream,PreservedSpecimen,0,0,0,0,0,,,USA,US,Maryland,Allegany,,Oldtown,100,WGS84,P.N. Hogan,mapper.acme.com,Maryland Plecoptera Project,No restrictions,"Letter to Dr. Scott Grubbs, year uncertain",166,-78.6075,39.54176
206,Collection,RFSC,Plecoptera 17053,Animalia,Arthropoda,Insecta,Plecoptera,Capniidae,Allocapnia,illinoensis,"Frison, 1935",Illinois Snowfly,accepted,species,not type,,NA,2/14/1987,2,14,1987,Vial,"R.F. Surdick, D.H. Pifer",,stream,PreservedSpecimen,0,0,0,0,5,"male, female",adult,USA,US,Maryland,Allegany,,Oldtown,100,WGS84,P.N. Hogan,mapper.acme.com,Maryland Plecoptera Project,No restrictions,"Letter to Dr. Scott Grubbs, year uncertain",166,-78.6075,39.54176
207,Collection,WKUC,,Animalia,Arthropoda,Insecta,Plecoptera,Capniidae,Allocapnia,illinoensis,"Frison, 1935",Illinois Snowfly,accepted,species,not type,S.A. Grubbs,NA,3/17/1996,3,17,1996,vial,S.A. Grubbs,,stream,PreservedSpecimen,10,6,0,0,16,"male, female, ",adult,USA,US,Maryland,Garrett,Pine Swamp Run,"Pine Swamp Rd., 2 mi W Westernport Rd.",10,WGS84,S.A. Grubbs,mapper.acme.com,Maryland Plecoptera Project,No Restrictions,,768,-79.10183,39.55218
208,Collection,WKUC,,Animalia,Arthropoda,Insecta,Plecoptera,Capniidae,Allocapnia,illinoensis,"Frison, 1935",Illinois Snowfly,accepted,species,not type,S.A. Grubbs,NA,2/28/1996,2,28,1996,vial,S.A. Grubbs,,stream,PreservedSpecimen,18,5,0,0,23,"male, female, ",adult,USA,US,Maryland,Garrett,Pine Swamp Run,"Pine Swamp Rd., 2 mi W Westernport Rd.",10,WGS84,S.A. Grubbs,mapper.acme.com,Maryland Plecoptera Project,No Restrictions,,768,-79.10183,39.55218
209,Collection,INHS,Plecoptera 9439,Animalia,Arthropoda,Insecta,Plecoptera,Capniidae,Allocapnia,maria,"Hanson, 1942",Two-knobbed Snowfly,accepted,species,not type,G.L. Rotramel,1964,2/13/1938,2,13,1938,Vial,R.E. Yeatter,,,,1,0,0,0,1,,,USA,US,Maryland,Allegany,,10 mi E Cumberland,10000,,,,Maryland Plecoptera Project,No restrictions,,337,-78.6323,39.653
210,Collection,WKUC,,Animalia,Arthropoda,Insecta,Plecoptera,Capniidae,Allocapnia,maria,"Hanson, 1942",Two-knobbed Snowfly,accepted,species,not type,P.N. Hogan,2020,3/11/2020,3,11,2020,vial,P.N. Hogan,PNH-061-20,stream,Preservedspecimen,0,5,0,0,5,female,adult,USA,US,Maryland,Allegany,Town Creek,0.3 mi from Monte Notte Lane,10,WGS 84,P.N. Hogan,Google Earth,Maryland Plecoptera Project,No Restrictions,,211,-78.56272,39.64399
211,Collection,WKUC,,Animalia,Arthropoda,Insecta,Plecoptera,Capniidae,Allocapnia,maria,"Hanson, 1942",Two-knobbed Snowfly,accepted,species,not type,P.N. Hogan,2020,3/11/2020,3,11,2020,vial,P.N. Hogan,PNH-056-20,stream,Preservedspecimen,1,1,0,0,2,"male, female",adult,USA,US,Maryland,Allegany,Sideling Hill Creek,"Ziegler Rd., past National Guard Base",10,WGS 84,P.N. Hogan,Google Earth,Maryland Plecoptera Project,No Restrictions,,135,-78.34407,39.64959
212,Collection,WKUC,,Animalia,Arthropoda,Insecta,Plecoptera,Capniidae,Allocapnia,maria,"Hanson, 1942",Two-knobbed Snowfly,accepted,species,not type,S.A. Grubbs,NA,2/18/1995,2,18,1995,vial,S.A. Grubbs,,stream,PreservedSpecimen,1,0,0,0,1,male,adult,USA,US,Maryland,Allegany,Sideling Hill Creek,"High Germany Rd., Nature Conservancy",10,WGS84,S.A. Grubbs,mapper.acme.com,Maryland Plecoptera Project,No Restrictions,,193,-78.33145,39.70867
213,Collection,WKUC,,Animalia,Arthropoda,Insecta,Plecoptera,Capniidae,Allocapnia,maria,"Hanson, 1942",Two-knobbed Snowfly,accepted,species,not type,S.A. Grubbs,NA,3/23/1996,3,23,1996,vial,S.A. Grubbs,,stream,PreservedSpecimen,0,1,0,0,1,female ,adult,USA,US,Maryland,Allegany,Sideling Hill Creek,Stottlemeyer Rd.,10,WGS84,S.A. Grubbs,mapper.acme.com,Maryland Plecoptera Project,No Restrictions,,146,-78.36241,39.65834
214,Collection,WKUC,,Animalia,Arthropoda,Insecta,Plecoptera,Capniidae,Allocapnia,maria,"Hanson, 1942",Two-knobbed Snowfly,accepted,species,not type,S.A. Grubbs,NA,3/11/1995,3,11,1995,vial,S.A. Grubbs,,stream,PreservedSpecimen,2,2,0,0,4,"male, female, ",adult,USA,US,Maryland,Allegany,Sideling Hill Creek,"High Germany Rd., Nature Conservancy",10,WGS84,S.A. Grubbs,mapper.acme.com,Maryland Plecoptera Project,No Restrictions,,193,-78.33145,39.70867
215,Collection,WKUC,,Animalia,Arthropoda,Insecta,Plecoptera,Capniidae,Allocapnia,maria,"Hanson, 1942",Two-knobbed Snowfly,accepted,species,not type,P.N. Hogan,2020,3/12/2020,3,12,2020,vial,P.N. Hogan,PNH-069-20,stream,Preservedspecimen,0,1,0,0,1,female,adult,USA,US,Maryland,Garrett,Dry Run,"bridge over Dry Run along Savage River Rd., north of intersection with Dry Run Rd., Savage River State Forest",10,WGS 84,P.N. Hogan,Google Earth,Maryland Plecoptera Project,No Restrictions,,453,-79.14468,39.5231
216,Collection,WKUC,,Animalia,Arthropoda,Insecta,Plecoptera,Capniidae,Allocapnia,maria,"Hanson, 1942",Two-knobbed Snowfly,accepted,species,not type,P.N. Hogan,2020,3/10/2020,3,10,2020,vial,P.N. Hogan,PNH-040-20,stream,Preservedspecimen,1,0,0,0,1,male,adult,USA,US,Maryland,Washington,Chesapeake & Ohio Canal,Hancock Maryland Parking for Chesapeake & Ohio Canal,10,WGS 84,P.N. Hogan,Google Earth,Maryland Plecoptera Project,No Restrictions,,127,-78.17793,39.69807
217,Collection,WKUC,,Animalia,Arthropoda,Insecta,Plecoptera,Capniidae,Allocapnia,maria,"Hanson, 1942",Two-knobbed Snowfly,accepted,species,not type,P.N. Hogan,2020,3/10/2020,3,10,2020,vial,P.N. Hogan,PNH-046-20,stream,Preservedspecimen,4,3,0,0,7,"male, female",adult,USA,US,Maryland,Washington,Sideling Hill Creek,"High Germany Rd., just off I-68, Sideling Hill Nature Conservancy",10,WGS 84,P.N. Hogan,Google Earth,Maryland Plecoptera Project,No Restrictions,,190,-78.33141,39.70864
218,Collection,INHS,Insect Collection 790541,Animalia,Arthropoda,Insecta,Plecoptera,Capniidae,Allocapnia,nivicola,"(Fitch, 1847)",Brook Snowfly,accepted,species,not type,R.E. DeWalt,2013,3/12/2013,3,12,2013,Vial,R.E. DeWalt,,,,1,0,0,0,1,,,USA,US,Maryland,Allegany,Flintstone Creek,Flintstone,10000,,,,Maryland Plecoptera Project,No restrictions,,248,-78.56806,39.70306
219,Collection,INHS,Plecoptera 10072,Animalia,Arthropoda,Insecta,Plecoptera,Capniidae,Allocapnia,nivicola,"(Fitch, 1847)",Brook Snowfly,accepted,species,not type,,NA,2/13/1938,2,13,1938,Vial,R.E. Yeatter,,,,4,2,0,0,6,,,USA,US,Maryland,Allegany,,10 mi E Cumberland,10000,,,,Maryland Plecoptera Project,No restrictions,,337,-78.6323,39.653
220,Collection,INHS,Plecoptera 10040,Animalia,Arthropoda,Insecta,Plecoptera,Capniidae,Allocapnia,nivicola,"(Fitch, 1847)",Brook Snowfly,accepted,species,not type,,NA,12/30/1934,12,30,1934,Vial,"T.H. Frison, H.H. Ross",,,,1,0,0,0,1,,,USA,US,Maryland,Allegany,Evitt's Creek,North Branch,1000,,,,Maryland Plecoptera Project,No restrictions,,188,-78.7364,39.6266
221,Collection,INHS,Plecoptera 10045,Animalia,Arthropoda,Insecta,Plecoptera,Capniidae,Allocapnia,nivicola,"(Fitch, 1847)",Brook Snowfly,accepted,species,not type,,NA,12/30/1934,12,30,1934,Vial,"T.H. Frison, H.H. Ross",,,,4,2,0,0,6,,,USA,US,Maryland,Allegany,Town Creek,Flintstone,1000,,,,Maryland Plecoptera Project,No restrictions,,235,-78.548,39.6952
222,Collection,INHS,Plecoptera 10046,Animalia,Arthropoda,Insecta,Plecoptera,Capniidae,Allocapnia,nivicola,"(Fitch, 1847)",Brook Snowfly,accepted,species,not type,,NA,12/30/1934,12,30,1934,Vial,"T.H. Frison, H.H. Ross",,,,1,1,0,0,2,,,USA,US,Maryland,Allegany,Flintstone Creek,Flintstone,10000,,,,Maryland Plecoptera Project,No restrictions,,248,-78.56806,39.70306
223,Collection,INHS,Plecoptera 10047,Animalia,Arthropoda,Insecta,Plecoptera,Capniidae,Allocapnia,nivicola,"(Fitch, 1847)",Brook Snowfly,accepted,species,not type,,NA,12/30/1934,12,30,1934,Vial,"T.H. Frison, H.H. Ross",,,,9,0,0,0,9,,,USA,US,Maryland,Allegany,Flintstone Creek,Flintstone,10000,,,,Maryland Plecoptera Project,No restrictions,,248,-78.56806,39.70306
224,Collection,INHS,Plecoptera 10048,Animalia,Arthropoda,Insecta,Plecoptera,Capniidae,Allocapnia,nivicola,"(Fitch, 1847)",Brook Snowfly,accepted,species,not type,,NA,12/30/1934,12,30,1934,Vial,"T.H. Frison, H.H. Ross",,,,1,0,0,0,1,,,USA,US,Maryland,Allegany,Flintstone Creek,Flintstone,10000,,,,Maryland Plecoptera Project,No restrictions,,248,-78.56806,39.70306
225,Collection,INHS,Plecoptera 10049,Animalia,Arthropoda,Insecta,Plecoptera,Capniidae,Allocapnia,nivicola,"(Fitch, 1847)",Brook Snowfly,accepted,species,not type,,NA,12/30/1934,12,30,1934,Vial,"T.H. Frison, H.H. Ross",,,,1,0,0,0,1,,,USA,US,Maryland,Allegany,Flintstone Creek,Flintstone,10000,,,,Maryland Plecoptera Project,No restrictions,,248,-78.56806,39.70306
226,Collection,INHS,Plecoptera 10041,Animalia,Arthropoda,Insecta,Plecoptera,Capniidae,Allocapnia,nivicola,"(Fitch, 1847)",Brook Snowfly,accepted,species,not type,,NA,12/30/1934,12,30,1934,Vial,"T.H. Frison, H.H. Ross",,,,2,0,0,0,2,,,USA,US,Maryland,Allegany,,Piney Grove,1000,,,,Maryland Plecoptera Project,No restrictions,,289,-78.37724,39.70592
227,Collection,INHS,Plecoptera 10042,Animalia,Arthropoda,Insecta,Plecoptera,Capniidae,Allocapnia,nivicola,"(Fitch, 1847)",Brook Snowfly,accepted,species,not type,,NA,12/30/1934,12,30,1934,Vial,"T.H. Frison, H.H. Ross",,,,5,2,0,0,7,,,USA,US,Maryland,Allegany,,Piney Grove,1000,,,,Maryland Plecoptera Project,No restrictions,,289,-78.37724,39.70592
228,Collection,INHS,Plecoptera 10043,Animalia,Arthropoda,Insecta,Plecoptera,Capniidae,Allocapnia,nivicola,"(Fitch, 1847)",Brook Snowfly,accepted,species,not type,,NA,12/30/1934,12,30,1934,Vial,"T.H. Frison, H.H. Ross",,,,2,2,0,0,4,,,USA,US,Maryland,Allegany,,Piney Grove,1000,,,,Maryland Plecoptera Project,No restrictions,,289,-78.37724,39.70592
229,Collection,RFSC,Plecoptera 16984,Animalia,Arthropoda,Insecta,Plecoptera,Capniidae,Allocapnia,nivicola,"(Fitch, 1847)",Brook Snowfly,accepted,species,not type,,NA,2/14/1996,2,14,1996,Vial,R.F. Surdick,,stream,PreservedSpecimen,0,0,0,0,0,,,USA,US,Maryland,Allegany,tributaries of Town Creek,"Wagner Road, Northeast of Oldtown",10,WGS84,P.N. Hogan,mapper.acme.com,Maryland Plecoptera Project,No restrictions,"Letter to Dr. Scott Grubbs, year uncertain",229,-78.58585,39.56934
230,Collection,RFSC,Plecoptera 16985,Animalia,Arthropoda,Insecta,Plecoptera,Capniidae,Allocapnia,nivicola,"(Fitch, 1847)",Brook Snowfly,accepted,species,not type,,NA,2/14/1996,2,14,1996,Vial,R.F. Surdick,,stream,PreservedSpecimen,0,0,0,0,0,,,USA,US,Maryland,Allegany,,Dickerson Hollow and Rush,100,WGS84,P.N. Hogan,mapper.acme.com,Maryland Plecoptera Project,No restrictions,"Letter to Dr. Scott Grubbs, year uncertain",267,-78.59874,39.69228
231,Collection,RFSC,Plecoptera 16986,Animalia,Arthropoda,Insecta,Plecoptera,Capniidae,Allocapnia,nivicola,"(Fitch, 1847)",Brook Snowfly,accepted,species,not type,,NA,2/14/1996,2,14,1996,Vial,R.F. Surdick,,stream,PreservedSpecimen,0,0,0,0,0,,,USA,US,Maryland,Allegany,,Flintstone,100,WGS84,P.N. Hogan,mapper.acme.com,Maryland Plecoptera Project,No restrictions,"Letter to Dr. Scott Grubbs, year uncertain",247,-78.56716,39.70288
232,Collection,RFSC,Plecoptera 16987,Animalia,Arthropoda,Insecta,Plecoptera,Capniidae,Allocapnia,nivicola,"(Fitch, 1847)",Brook Snowfly,accepted,species,not type,,NA,2/14/1996,2,14,1996,Vial,R.F. Surdick,,stream,PreservedSpecimen,0,0,0,0,0,,,USA,US,Maryland,Allegany,Town Creek,North of Pumpkin Center,100,WGS84,P.N. Hogan,mapper.acme.com,Maryland Plecoptera Project,No restrictions,"Letter to Dr. Scott Grubbs, year uncertain",208,-78.561107,39.63853
233,Collection,WKUC,,Animalia,Arthropoda,Insecta,Plecoptera,Capniidae,Allocapnia,nivicola,"(Fitch, 1847)",Brook Snowfly,accepted,species,not type,P.N. Hogan,2020,3/11/2020,3,11,2020,vial,P.N. Hogan,PNH-051-20,stream,Preservedspecimen,0,1,0,0,1,female,adult,USA,US,Maryland,Allegany,tributary to Deep Run,"50 ft S of Fifteenmile Creek bridge over Deep Run, Green Ridge State Forest",10,WGS 84,P.N. Hogan,Google Earth,Maryland Plecoptera Project,No Restrictions,,232,-78.45219,39.65227
234,Collection,WKUC,,Animalia,Arthropoda,Insecta,Plecoptera,Capniidae,Allocapnia,nivicola,"(Fitch, 1847)",Brook Snowfly,accepted,species,not type,P.N. Hogan,2020,3/11/2020,3,11,2020,vial,P.N. Hogan,PNH-056-20,stream,Preservedspecimen,2,0,0,0,2,male,adult,USA,US,Maryland,Allegany,Sideling Hill Creek,"Ziegler Rd., past National Guard Base",10,WGS 84,P.N. Hogan,Google Earth,Maryland Plecoptera Project,No Restrictions,,135,-78.34407,39.64959
235,Collection,WKUC,,Animalia,Arthropoda,Insecta,Plecoptera,Capniidae,Allocapnia,nivicola,"(Fitch, 1847)",Brook Snowfly,accepted,species,not type,P.N. Hogan,2020,3/11/2020,3,11,2020,vial,P.N. Hogan,PNH-058-20,stream,Preservedspecimen,1,0,0,0,1,male,adult,USA,US,Maryland,Allegany,Fifteen Mile Creek,"first bridge on Fifteenmile Creek Rd., N of US-40, Green Ridge State Forest",10,WGS 84,P.N. Hogan,Google Earth,Maryland Plecoptera Project,No Restrictions,,225,-78.45456,39.68648
236,Collection,WKUC,,Animalia,Arthropoda,Insecta,Plecoptera,Capniidae,Allocapnia,nivicola,"(Fitch, 1847)",Brook Snowfly,accepted,species,not type,S.A. Grubbs,NA,3/11/1995,3,11,1995,vial,S.A. Grubbs,,stream,PreservedSpecimen,0,1,0,0,1,female ,adult,USA,US,Maryland,Allegany,Flintstone Creek,Black Valley Rd.,10,WGS84,S.A. Grubbs,mapper.acme.com,Maryland Plecoptera Project,No Restrictions,,251,-78.56645,39.70791
237,Collection,WKUC,,Animalia,Arthropoda,Insecta,Plecoptera,Capniidae,Allocapnia,nivicola,"(Fitch, 1847)",Brook Snowfly,accepted,species,not type,S.A. Grubbs,NA,2/24/1996,2,24,1996,vial,S.A. Grubbs,,stream,PreservedSpecimen,23,0,0,0,1,male,adult,USA,US,Maryland,Allegany,Jennings Run,"Rte. 36, 1.5 mi W Rte. 35",10,WGS84,P.N. Hogan,mapper.acme.com,Maryland Plecoptera Project,No Restrictions,,252,-78.81438,39.69748
238,Collection,WKUC,,Animalia,Arthropoda,Insecta,Plecoptera,Capniidae,Allocapnia,nivicola,"(Fitch, 1847)",Brook Snowfly,accepted,species,not type,S.A. Grubbs,NA,2/24/1996,2,24,1996,vial,S.A. Grubbs,,stream,PreservedSpecimen,1,0,0,0,1,male,adult,USA,US,Maryland,Allegany,North Branch Jennings Run,"Rte. 47, 0.8 mi N Rte. 36",10,WGS84,S.A. Grubbs,mapper.acme.com,Maryland Plecoptera Project,No Restrictions,,305,-78.84379,39.70381
239,Collection,WKUC,,Animalia,Arthropoda,Insecta,Plecoptera,Capniidae,Allocapnia,nivicola,"(Fitch, 1847)",Brook Snowfly,accepted,species,not type,S.A. Grubbs,NA,3/16/1996,3,16,1996,vial,S.A. Grubbs,,stream,PreservedSpecimen,3,20,0,0,1,male,adult,USA,US,Maryland,Allegany,North Branch Jennings Run,"Rte. 47, 0.8 mi N Rte. 36",10,WGS84,S.A. Grubbs,mapper.acme.com,Maryland Plecoptera Project,No Restrictions,,305,-78.84379,39.70381
240,Collection,WKUC,,Animalia,Arthropoda,Insecta,Plecoptera,Capniidae,Allocapnia,nivicola,"(Fitch, 1847)",Brook Snowfly,accepted,species,not type,S.A. Grubbs,NA,3/23/1996,3,23,1996,vial,S.A. Grubbs,,stream,PreservedSpecimen,0,4,0,0,1,female ,adult,USA,US,Maryland,Allegany,Sideling Hill Creek,Stottlemeyer Rd.,10,WGS84,S.A. Grubbs,mapper.acme.com,Maryland Plecoptera Project,No Restrictions,,146,-78.36241,39.65834
241,Collection,WKUC,,Animalia,Arthropoda,Insecta,Plecoptera,Capniidae,Allocapnia,nivicola,"(Fitch, 1847)",Brook Snowfly,accepted,species,not type,S.A. Grubbs,NA,3/7/1997,3,7,1997,vial,S.A. Grubbs,,stream,PreservedSpecimen,1,0,0,0,1,female ,adult,USA,US,Maryland,Allegany,"spring, Big Run","Kirk Rd., 0.5 mi E Green Ridge Rd.",10,WGS84,P.N. Hogan,mapper.acme.com,Maryland Plecoptera Project,No Restrictions,,315,-78.50908,39.5749
242,Collection,WKUC,,Animalia,Arthropoda,Insecta,Plecoptera,Capniidae,Allocapnia,nivicola,"(Fitch, 1847)",Brook Snowfly,accepted,species,not type,S.A. Grubbs,NA,3/7/1997,3,7,1997,vial,S.A. Grubbs,,stream,PreservedSpecimen,0,1,0,0,1,female ,adult,USA,US,Maryland,Allegany,"spring, Black Sulphur Run","Williams Rd., 0.5 mi NE Troutman Rd.",10,WGS84,S.A. Grubbs,mapper.acme.com,Maryland Plecoptera Project,No Restrictions,,395,-78.52963,39.66716
243,Collection,WKUC,,Animalia,Arthropoda,Insecta,Plecoptera,Capniidae,Allocapnia,nivicola,"(Fitch, 1847)",Brook Snowfly,accepted,species,not type,S.A. Grubbs,NA,2/11/1996,2,11,1996,vial,S.A. Grubbs,,stream,PreservedSpecimen,17,10,0,0,1,male,adult,USA,US,Maryland,Allegany,"spring, Fifteenmile Creek","Fifteenmile Creek Rd., 0.4 mi S I-68",10,WGS84,P.N. Hogan,mapper.acme.com,Maryland Plecoptera Project,No Restrictions,,0,-78.45842,39.6709
244,Collection,WKUC,,Animalia,Arthropoda,Insecta,Plecoptera,Capniidae,Allocapnia,nivicola,"(Fitch, 1847)",Brook Snowfly,accepted,species,not type,S.A. Grubbs,NA,3/23/1996,3,23,1996,vial,S.A. Grubbs,,stream,PreservedSpecimen,3,5,0,0,1,female ,adult,USA,US,Maryland,Allegany,"spring, Fifteenmile Creek","Dug Hill Rd., 0.2 mi NE Fifteenmile Creek Rd.",10,WGS84,P.N. Hogan,mapper.acme.com,Maryland Plecoptera Project,No Restrictions,,207,-78.43559,39.65691
245,Collection,WKUC,,Animalia,Arthropoda,Insecta,Plecoptera,Capniidae,Allocapnia,nivicola,"(Fitch, 1847)",Brook Snowfly,accepted,species,not type,S.A. Grubbs,NA,3/12/1995,3,12,1995,vial,S.A. Grubbs,,stream,PreservedSpecimen,0,1,0,0,1,female ,adult,USA,US,Maryland,Allegany,"tributary, Fifteenmile Creek",Rte. 144,10,WGS84,S.A. Grubbs,mapper.acme.com,Maryland Plecoptera Project,No Restrictions,,232,-78.4696,39.67727
246,Collection,WKUC,,Animalia,Arthropoda,Insecta,Plecoptera,Capniidae,Allocapnia,nivicola,"(Fitch, 1847)",Brook Snowfly,accepted,species,not type,S.A. Grubbs,NA,3/16/1996,3,16,1996,vial,S.A. Grubbs,,stream,PreservedSpecimen,0,2,0,0,1,female ,adult,USA,US,Maryland,Allegany,"tributary, Fifteenmile Creek","Fifteenmile Creek Rd., 1.1 mi N U.S. 40",10,WGS84,P.N. Hogan,mapper.acme.com,Maryland Plecoptera Project,No Restrictions,,229,-78.45422,39.68933
247,Collection,WKUC,,Animalia,Arthropoda,Insecta,Plecoptera,Capniidae,Allocapnia,nivicola,"(Fitch, 1847)",Brook Snowfly,accepted,species,not type,S.A. Grubbs,NA,3/16/1996,3,16,1996,vial,S.A. Grubbs,,stream,PreservedSpecimen,0,1,0,0,1,female ,adult,USA,US,Maryland,Allegany,"tributary, Fifteenmile Creek","Fifteenmile Creek Rd., 0.7 mi N U.S. 40, along Pine Lick Hollow Segment Trail",10,WGS84,S.A. Grubbs,mapper.acme.com,Maryland Plecoptera Project,No Restrictions,,229,-78.45213,39.69319
248,Collection,WKUC,,Animalia,Arthropoda,Insecta,Plecoptera,Capniidae,Allocapnia,nivicola,"(Fitch, 1847)",Brook Snowfly,accepted,species,not type,S.A. Grubbs,NA,3/17/1996,3,17,1996,vial,S.A. Grubbs,,stream,PreservedSpecimen,1,0,0,0,1,male,adult,USA,US,Maryland,Allegany,"tributary, Fifteenmile Creek","Orleans Rd. S, 5.3 mi S U.S. 40",10,WGS84,S.A. Grubbs,mapper.acme.com,Maryland Plecoptera Project,No Restrictions,,152,-78.38458,39.63139
249,Collection,WKUC,,Animalia,Arthropoda,Insecta,Plecoptera,Capniidae,Allocapnia,nivicola,"(Fitch, 1847)",Brook Snowfly,accepted,species,not type,S.A. Grubbs,NA,4/13/1996,4,13,1996,vial,S.A. Grubbs,,stream,PreservedSpecimen,0,1,0,0,1,female ,adult,USA,US,Maryland,Allegany,"tributary, Fifteenmile Creek","Davis Rd., 0.7 mi NW Rte. 144",10,WGS84,S.A. Grubbs,mapper.acme.com,Maryland Plecoptera Project,No Restrictions,,238,-78.47291,39.68341
250,Collection,WKUC,,Animalia,Arthropoda,Insecta,Plecoptera,Capniidae,Allocapnia,nivicola,"(Fitch, 1847)",Brook Snowfly,accepted,species,not type,S.A. Grubbs,NA,3/7/1997,3,7,1997,vial,S.A. Grubbs,,stream,PreservedSpecimen,0,1,0,0,1,male,adult,USA,US,Maryland,Allegany,"tributary, Maple Run","Twigg Rd., 0.2 mi SW Mertens Rd.",10,WGS84,S.A. Grubbs,mapper.acme.com,Maryland Plecoptera Project,No Restrictions,,298,-78.51517,39.64829
251,Collection,WKUC,,Animalia,Arthropoda,Insecta,Plecoptera,Capniidae,Allocapnia,nivicola,"(Fitch, 1847)",Brook Snowfly,accepted,species,not type,S.A. Grubbs,NA,2/24/1996,2,24,1996,vial,S.A. Grubbs,,stream,PreservedSpecimen,20,4,0,0,1,male,adult,USA,US,Maryland,Allegany,"tributary, Sideling Hill Creek",Orleans Rd. N at U.S. 40,10,WGS84,S.A. Grubbs,mapper.acme.com,Maryland Plecoptera Project,No Restrictions,,299,-78.37874,39.70488
252,Collection,WKUC,,Animalia,Arthropoda,Insecta,Plecoptera,Capniidae,Allocapnia,nivicola,"(Fitch, 1847)",Brook Snowfly,accepted,species,not type,S.A. Grubbs,NA,3/17/1996,3,17,1996,vial,S.A. Grubbs,,stream,PreservedSpecimen,1,0,0,0,1,male,adult,USA,US,Maryland,Allegany,"tributary, Sideling Hill Creek","Swain Hollow Rd., 0.4 mi SSW Swain Rd. - Divide Ridge Rd.",10,WGS84,P.N. Hogan,mapper.acme.com,Maryland Plecoptera Project,No Restrictions,,174,-78.34191,39.67965
253,Collection,WKUC,,Animalia,Arthropoda,Insecta,Plecoptera,Capniidae,Allocapnia,nivicola,"(Fitch, 1847)",Brook Snowfly,accepted,species,not type,S.A. Grubbs,NA,3/17/1996,3,17,1996,vial,S.A. Grubbs,,stream,PreservedSpecimen,32,24,0,0,1,male,adult,USA,US,Maryland,Allegany,"tributary, Sideling Hill Creek",Orleans Rd. N at U.S. 40,10,WGS84,S.A. Grubbs,mapper.acme.com,Maryland Plecoptera Project,No Restrictions,,299,-78.37874,39.70488
254,Collection,WKUC,,Animalia,Arthropoda,Insecta,Plecoptera,Capniidae,Allocapnia,nivicola,"(Fitch, 1847)",Brook Snowfly,accepted,species,not type,S.A. Grubbs,NA,3/23/1996,3,23,1996,vial,S.A. Grubbs,,stream,PreservedSpecimen,3,6,0,0,2,"male, female, ",adult,USA,US,Maryland,Allegany,Deep Run,Fifteenmile Creek Rd.,10,WGS84,S.A. Grubbs,mapper.acme.com,Maryland Plecoptera Project,No Restrictions,,222,-78.45234,39.65312
255,Collection,WKUC,,Animalia,Arthropoda,Insecta,Plecoptera,Capniidae,Allocapnia,nivicola,"(Fitch, 1847)",Brook Snowfly,accepted,species,not type,S.A. Grubbs,NA,4/13/1996,4,13,1996,vial,S.A. Grubbs,,stream,PreservedSpecimen,0,2,0,0,2,female ,adult,USA,US,Maryland,Allegany,Piclic Run,Fifteenmile Creek Rd.,10,WGS84,S.A. Grubbs,mapper.acme.com,Maryland Plecoptera Project,No Restrictions,"Misnamed. Originally Named Biclic Run, Changed to Piclic Run",216,-78.46144,39.6644
256,Collection,WKUC,,Animalia,Arthropoda,Insecta,Plecoptera,Capniidae,Allocapnia,nivicola,"(Fitch, 1847)",Brook Snowfly,accepted,species,not type,S.A. Grubbs,NA,3/11/1995,3,11,1995,vial,S.A. Grubbs,,stream,PreservedSpecimen,1,1,0,0,2,"male, female, ",adult,USA,US,Maryland,Allegany,Sideling Hill Creek,"High Germany Rd., Nature Conservancy",10,WGS84,S.A. Grubbs,mapper.acme.com,Maryland Plecoptera Project,No Restrictions,,193,-78.33145,39.70867
257,Collection,WKUC,,Animalia,Arthropoda,Insecta,Plecoptera,Capniidae,Allocapnia,nivicola,"(Fitch, 1847)",Brook Snowfly,accepted,species,not type,S.A. Grubbs,NA,3/16/1996,3,16,1996,vial,S.A. Grubbs,,stream,PreservedSpecimen,1,6,0,0,2,female ,adult,USA,US,Maryland,Allegany,"tributary, Fifteenmile Creek","Fifteenmile Creek Rd., 1.9 mi N U.S. 40",10,WGS84,P.N. Hogan,mapper.acme.com,Maryland Plecoptera Project,No Restrictions,,242,-78.45053,39.69592
258,Collection,WKUC,,Animalia,Arthropoda,Insecta,Plecoptera,Capniidae,Allocapnia,nivicola,"(Fitch, 1847)",Brook Snowfly,accepted,species,not type,S.A. Grubbs,NA,3/17/1996,3,17,1996,vial,S.A. Grubbs,,stream,PreservedSpecimen,1,1,0,0,2,"male, female, ",adult,USA,US,Maryland,Allegany,"tributary, Fifteenmile Creek","Orleans Rd. S, 5.0 mi S U.S. 40",10,WGS84,S.A. Grubbs,mapper.acme.com,Maryland Plecoptera Project,No Restrictions,,168,-78.38207,39.63712
259,Collection,WKUC,,Animalia,Arthropoda,Insecta,Plecoptera,Capniidae,Allocapnia,nivicola,"(Fitch, 1847)",Brook Snowfly,accepted,species,not type,S.A. Grubbs,NA,4/13/1996,4,13,1996,vial,S.A. Grubbs,,stream,PreservedSpecimen,0,2,0,0,2,female ,adult,USA,US,Maryland,Allegany,"tributary, Fifteenmile Creek",Rte. 144,10,WGS84,S.A. Grubbs,mapper.acme.com,Maryland Plecoptera Project,No Restrictions,,232,-78.4696,39.67727
260,Collection,WKUC,,Animalia,Arthropoda,Insecta,Plecoptera,Capniidae,Allocapnia,nivicola,"(Fitch, 1847)",Brook Snowfly,accepted,species,not type,S.A. Grubbs,NA,4/13/1996,4,13,1996,vial,S.A. Grubbs,,stream,PreservedSpecimen,0,2,0,0,2,female ,adult,USA,US,Maryland,Allegany,"tributary, Fifteenmile Creek","Rte. 144, 1.8 mi W I-68",10,WGS84,S.A. Grubbs,mapper.acme.com,Maryland Plecoptera Project,No Restrictions,,242,-78.48054,39.67984
261,Collection,WKUC,,Animalia,Arthropoda,Insecta,Plecoptera,Capniidae,Allocapnia,nivicola,"(Fitch, 1847)",Brook Snowfly,accepted,species,not type,S.A. Grubbs,NA,4/13/1996,4,13,1996,vial,S.A. Grubbs,,stream,PreservedSpecimen,0,3,0,0,3,female ,adult,USA,US,Maryland,Allegany,Fifteenmile Creek,Scenic U.S. 40,10,WGS84,P.N. Hogan,mapper.acme.com,Maryland Plecoptera Project,No Restrictions,,225,-78.45292,39.68879
262,Collection,WKUC,,Animalia,Arthropoda,Insecta,Plecoptera,Capniidae,Allocapnia,nivicola,"(Fitch, 1847)",Brook Snowfly,accepted,species,not type,S.A. Grubbs,NA,2/18/1995,2,18,1995,vial,S.A. Grubbs,,stream,PreservedSpecimen,1,3,0,0,4,"male, female, ",adult,USA,US,Maryland,Allegany,Fifteenmile Creek,"Fifteenmile Creek Rd., 0.3 mi N I-68",10,WGS84,S.A. Grubbs,mapper.acme.com,Maryland Plecoptera Project,No Restrictions,,218,-78.4574,39.67852
263,Collection,WKUC,,Animalia,Arthropoda,Insecta,Plecoptera,Capniidae,Allocapnia,nivicola,"(Fitch, 1847)",Brook Snowfly,accepted,species,not type,S.A. Grubbs,NA,2/18/1995,2,18,1995,vial,S.A. Grubbs,,stream,PreservedSpecimen,3,1,0,0,4,"male, female, ",adult,USA,US,Maryland,Allegany,Sideling Hill Creek,"High Germany Rd., Nature Conservancy",10,WGS84,S.A. Grubbs,mapper.acme.com,Maryland Plecoptera Project,No Restrictions,,193,-78.33145,39.70867
264,Collection,WKUC,,Animalia,Arthropoda,Insecta,Plecoptera,Capniidae,Allocapnia,nivicola,"(Fitch, 1847)",Brook Snowfly,accepted,species,not type,S.A. Grubbs,NA,3/23/1996,3,23,1996,vial,S.A. Grubbs,,stream,PreservedSpecimen,0,1,0,0,4,"male, female, ",adult,USA,US,Maryland,Allegany,"tributary, Deep Run",Fifteenmile Creek Rd.,10,WGS84,S.A. Grubbs,mapper.acme.com,Maryland Plecoptera Project,No Restrictions,,224,-78.45218,39.65292
265,Collection,WKUC,,Animalia,Arthropoda,Insecta,Plecoptera,Capniidae,Allocapnia,nivicola,"(Fitch, 1847)",Brook Snowfly,accepted,species,not type,S.A. Grubbs,NA,3/16/1996,3,16,1996,vial,S.A. Grubbs,,stream,PreservedSpecimen,3,1,0,0,4,"male, female, ",adult,USA,US,Maryland,Allegany,"tributary, Fifteenmile Creek","Rte. 144, 1.8 mi W I-68",10,WGS84,S.A. Grubbs,mapper.acme.com,Maryland Plecoptera Project,No Restrictions,,242,-78.48054,39.67984
266,Collection,WKUC,,Animalia,Arthropoda,Insecta,Plecoptera,Capniidae,Allocapnia,nivicola,"(Fitch, 1847)",Brook Snowfly,accepted,species,not type,S.A. Grubbs,NA,3/23/1996,3,23,1996,vial,S.A. Grubbs,,stream,PreservedSpecimen,0,1,0,0,4,female ,adult,USA,US,Maryland,Allegany,"tributary, Sideling Hill Creek","Stottlemeyer Rd., 0.6 mi NE High Germany Rd.",10,WGS84,P.N. Hogan,mapper.acme.com,Maryland Plecoptera Project,No Restrictions,,165,-78.35791,39.66679
267,Collection,WKUC,,Animalia,Arthropoda,Insecta,Plecoptera,Capniidae,Allocapnia,nivicola,"(Fitch, 1847)",Brook Snowfly,accepted,species,not type,S.A. Grubbs,NA,3/23/1996,3,23,1996,vial,S.A. Grubbs,,stream,PreservedSpecimen,0,5,0,0,5,female ,adult,USA,US,Maryland,Allegany,"tributary, Fifteenmile Creek","Dug Hill Rd., 1.1 mi NE Fifteenmile Creek Rd.",10,WGS84,S.A. Grubbs,mapper.acme.com,Maryland Plecoptera Project,No Restrictions,,211,-78.43579,39.65672
268,Collection,WKUC,,Animalia,Arthropoda,Insecta,Plecoptera,Capniidae,Allocapnia,nivicola,"(Fitch, 1847)",Brook Snowfly,accepted,species,not type,S.A. Grubbs,NA,1/16/1996,1,16,1996,vial,S.A. Grubbs,,stream,PreservedSpecimen,5,2,0,0,7,"male, female, ",adult,USA,US,Maryland,Allegany,"tributary, Deep Run",Fifteenmile Creek Rd.,10,WGS84,S.A. Grubbs,mapper.acme.com,Maryland Plecoptera Project,No Restrictions,,224,-78.45218,39.65292
269,Collection,WKUC,,Animalia,Arthropoda,Insecta,Plecoptera,Capniidae,Allocapnia,nivicola,"(Fitch, 1847)",Brook Snowfly,accepted,species,not type,S.A. Grubbs,NA,3/16/1996,3,16,1996,vial,S.A. Grubbs,,stream,PreservedSpecimen,6,18,0,0,7,"male, female, ",adult,USA,US,Maryland,Allegany,"tributary, Fifteenmile Creek","Davis Rd., Little Pine Lick Hollow, 0.7 mi NW Rte. 144",10,WGS84,S.A. Grubbs,mapper.acme.com,Maryland Plecoptera Project,No Restrictions,,239,-78.47307,39.68344
270,Collection,WKUC,,Animalia,Arthropoda,Insecta,Plecoptera,Capniidae,Allocapnia,nivicola,"(Fitch, 1847)",Brook Snowfly,accepted,species,not type,S.A. Grubbs,NA,3/23/1996,3,23,1996,vial,S.A. Grubbs,,stream,PreservedSpecimen,1,1,0,0,8,"male, female, ",adult,USA,US,Maryland,Allegany,"tributary, Fifteenmile Creek","Dug Hill Rd., 1.9 mi SE Fifteenmile Creek Rd.",1000,WGS84,P.N. Hogan,mapper.acme.com,Maryland Plecoptera Project,No Restrictions,,297,-78.44736,39.65205
271,Collection,WKUC,,Animalia,Arthropoda,Insecta,Plecoptera,Capniidae,Allocapnia,nivicola,"(Fitch, 1847)",Brook Snowfly,accepted,species,not type,S.A. Grubbs,NA,3/23/1996,3,23,1996,vial,S.A. Grubbs,,stream,PreservedSpecimen,3,1,0,0,9,"male, female, ",adult,USA,US,Maryland,Allegany,"tributary, Fifteenmile Creek","Dug Hill Rd., 0.35 mi NE Fifteenmile Creek Rd.",10,WGS84,S.A. Grubbs,mapper.acme.com,Maryland Plecoptera Project,No Restrictions,,302,-78.44226,39.65262
272,Collection,WKUC,,Animalia,Arthropoda,Insecta,Plecoptera,Capniidae,Allocapnia,nivicola,"(Fitch, 1847)",Brook Snowfly,accepted,species,not type,S.A. Grubbs,NA,2/24/1996,2,24,1996,vial,S.A. Grubbs,,stream,PreservedSpecimen,1,0,0,0,11,"male, female, ",adult,USA,US,Maryland,Allegany,"tributary, Fifteenmile Creek",Rte. 144,10,WGS84,S.A. Grubbs,mapper.acme.com,Maryland Plecoptera Project,No Restrictions,,232,-78.4696,39.67727
273,Collection,WKUC,,Animalia,Arthropoda,Insecta,Plecoptera,Capniidae,Allocapnia,nivicola,"(Fitch, 1847)",Brook Snowfly,accepted,species,not type,S.A. Grubbs,NA,3/17/1996,3,17,1996,vial,S.A. Grubbs,,stream,PreservedSpecimen,0,1,0,0,11,female ,adult,USA,US,Maryland,Allegany,"tributary, Sideling Hill Creek","Norris Rd., 0.6 mi SE Orleans Rd. S",10,WGS84,P.N. Hogan,mapper.acme.com,Maryland Plecoptera Project,No Restrictions,,312,-78.36401,39.68345
274,Collection,WKUC,,Animalia,Arthropoda,Insecta,Plecoptera,Capniidae,Allocapnia,nivicola,"(Fitch, 1847)",Brook Snowfly,accepted,species,not type,S.A. Grubbs,NA,2/11/1996,2,11,1996,vial,S.A. Grubbs,,stream,PreservedSpecimen,17,3,0,0,16,"male, female, ",adult,USA,US,Maryland,Allegany,"tributary, Fifteenmile Creek","Rte. 144, 1.8 mi W I-68",10,WGS84,S.A. Grubbs,mapper.acme.com,Maryland Plecoptera Project,No Restrictions,,242,-78.48054,39.67984
275,Collection,WKUC,,Animalia,Arthropoda,Insecta,Plecoptera,Capniidae,Allocapnia,nivicola,"(Fitch, 1847)",Brook Snowfly,accepted,species,not type,S.A. Grubbs,NA,1/9/1995,1,9,1995,vial,S.A. Grubbs,,stream,PreservedSpecimen,16,1,0,0,17,"male, female, ",adult,USA,US,Maryland,Allegany,Flintstone Creek,Black Valley Rd.,10,WGS84,S.A. Grubbs,mapper.acme.com,Maryland Plecoptera Project,No Restrictions,,251,-78.56645,39.70791
276,Collection,WKUC,,Animalia,Arthropoda,Insecta,Plecoptera,Capniidae,Allocapnia,nivicola,"(Fitch, 1847)",Brook Snowfly,accepted,species,not type,S.A. Grubbs,NA,2/11/1996,2,11,1996,vial,S.A. Grubbs,,stream,PreservedSpecimen,1,0,0,0,20,"male, female, ",adult,USA,US,Maryland,Allegany,Piclic Run,Fifteenmile Creek Rd.,10,WGS84,S.A. Grubbs,mapper.acme.com,Maryland Plecoptera Project,No Restrictions,"Misnamed. Originally Named Biclic Run, Changed to Piclic Run",216,-78.46144,39.6644
277,Collection,WKUC,,Animalia,Arthropoda,Insecta,Plecoptera,Capniidae,Allocapnia,nivicola,"(Fitch, 1847)",Brook Snowfly,accepted,species,not type,S.A. Grubbs,NA,2/24/1996,2,24,1996,vial,S.A. Grubbs,,stream,PreservedSpecimen,10,1,0,0,23,male,adult,USA,US,Maryland,Allegany,Terrapin Run,U.S. 40,10,WGS84,S.A. Grubbs,mapper.acme.com,Maryland Plecoptera Project,No Restrictions,,284,-78.42687,39.69131
278,Collection,WKUC,,Animalia,Arthropoda,Insecta,Plecoptera,Capniidae,Allocapnia,nivicola,"(Fitch, 1847)",Brook Snowfly,accepted,species,not type,S.A. Grubbs,NA,3/16/1996,3,16,1996,vial,S.A. Grubbs,,stream,PreservedSpecimen,0,1,0,0,24,"male, female, ",adult,USA,US,Maryland,Allegany,"tributary, Fifteenmile Creek","Fifteenmile Creek Rd., 0.4 mi N U.S. 40",10,WGS84,P.N. Hogan,mapper.acme.com,Maryland Plecoptera Project,No Restrictions,,225,-78.4546,39.68667
279,Collection,WKUC,,Animalia,Arthropoda,Insecta,Plecoptera,Capniidae,Allocapnia,nivicola,"(Fitch, 1847)",Brook Snowfly,accepted,species,not type,S.A. Grubbs,NA,2/24/1996,2,24,1996,vial,S.A. Grubbs,,stream,PreservedSpecimen,23,17,0,0,40,"male, female, ",adult,USA,US,Maryland,Allegany,"tributary, Fifteenmile Creek","Rte. 144, 1.8 mi W I-68",10,WGS84,S.A. Grubbs,mapper.acme.com,Maryland Plecoptera Project,No Restrictions,,242,-78.48054,39.67984
280,Literature,"Literature (Duffield and Nelson, 1990)",,Animalia,Arthropoda,Insecta,Plecoptera,Capniidae,Allocapnia,nivicola,"(Fitch, 1847)",Brook Snowfly,accepted,species,not type,,NA,12/24/1987,12,24,1987,,,,,,0,0,0,0,1,male,adult,USA,US,Maryland,Frederick,Big Hunting Creek,Catoctin Mountain Park,10000,WGS84,P.N. Hogan,Acme.mapper 2.2,Maryland Plecoptera Project,No restrictions,,454,-77.45,39.61666667
281,Literature,"Literature (Duffield and Nelson, 1990)",,Animalia,Arthropoda,Insecta,Plecoptera,Capniidae,Allocapnia,nivicola,"(Fitch, 1847)",Brook Snowfly,accepted,species,not type,,NA,11/22/1984,11,22,1984,,,,,,0,0,0,0,2,male,adult,USA,US,Maryland,Frederick,Big Hunting Creek,Catoctin Mountain Park,10000,WGS84,P.N. Hogan,Acme.mapper 2.2,Maryland Plecoptera Project,No restrictions,,454,-77.45,39.61666667
282,Literature,"Literature (Duffield and Nelson, 1990)",,Animalia,Arthropoda,Insecta,Plecoptera,Capniidae,Allocapnia,nivicola,"(Fitch, 1847)",Brook Snowfly,accepted,species,not type,,NA,12/26/1986,12,26,1986,,,,,,0,0,0,0,3,"male, female",adult,USA,US,Maryland,Frederick,Big Hunting Creek,Catoctin Mountain Park,10000,WGS84,P.N. Hogan,Acme.mapper 2.2,Maryland Plecoptera Project,No restrictions,,454,-77.45,39.61666667
283,Literature,"Literature (Duffield and Nelson, 1990)",,Animalia,Arthropoda,Insecta,Plecoptera,Capniidae,Allocapnia,nivicola,"(Fitch, 1847)",Brook Snowfly,accepted,species,not type,,NA,12/8/1987,12,8,1987,,,,,,0,0,0,0,3,male,adult,USA,US,Maryland,Frederick,Big Hunting Creek,Catoctin Mountain Park,10000,WGS84,P.N. Hogan,Acme.mapper 2.2,Maryland Plecoptera Project,No restrictions,,454,-77.45,39.61666667
284,Literature,"Literature (Duffield and Nelson, 1990)",,Animalia,Arthropoda,Insecta,Plecoptera,Capniidae,Allocapnia,nivicola,"(Fitch, 1847)",Brook Snowfly,accepted,species,not type,,NA,12/24/1987,12,24,1987,,,,,,0,0,0,0,5,male,adult,USA,US,Maryland,Frederick,Big Hunting Creek,Catoctin Mountain Park,10000,WGS84,P.N. Hogan,Acme.mapper 2.2,Maryland Plecoptera Project,No restrictions,,454,-77.45,39.61666667
285,Literature,"Literature (Duffield and Nelson, 1990)",,Animalia,Arthropoda,Insecta,Plecoptera,Capniidae,Allocapnia,nivicola,"(Fitch, 1847)",Brook Snowfly,accepted,species,not type,,NA,12/13/1987,12,13,1987,,,,,,0,0,0,0,6,male,adult,USA,US,Maryland,Frederick,Big Hunting Creek,Catoctin Mountain Park,10000,WGS84,P.N. Hogan,Acme.mapper 2.2,Maryland Plecoptera Project,No restrictions,,454,-77.45,39.61666667
286,Literature,"Literature (Duffield and Nelson, 1990)",,Animalia,Arthropoda,Insecta,Plecoptera,Capniidae,Allocapnia,nivicola,"(Fitch, 1847)",Brook Snowfly,accepted,species,not type,,NA,11/24/1984,11,24,1984,,,,,,0,0,0,0,8,"male, female",adult,USA,US,Maryland,Frederick,Big Hunting Creek,Catoctin Mountain Park,10000,WGS84,P.N. Hogan,Acme.mapper 2.2,Maryland Plecoptera Project,No restrictions,,454,-77.45,39.61666667
287,Literature,"Literature (Duffield and Nelson, 1990)",,Animalia,Arthropoda,Insecta,Plecoptera,Capniidae,Allocapnia,nivicola,"(Fitch, 1847)",Brook Snowfly,accepted,species,not type,,NA,11/30/1984,11,30,1984,,,,,,0,0,0,0,12,"male, female",adult,USA,US,Maryland,Frederick,Big Hunting Creek,Catoctin Mountain Park,10000,WGS84,P.N. Hogan,Acme.mapper 2.2,Maryland Plecoptera Project,No restrictions,,454,-77.45,39.61666667
288,Literature,"Literature (Duffield and Nelson, 1990)",,Animalia,Arthropoda,Insecta,Plecoptera,Capniidae,Allocapnia,nivicola,"(Fitch, 1847)",Brook Snowfly,accepted,species,not type,,NA,12/9/1984,12,9,1984,,,,,,0,0,0,0,16,"male, female",adult,USA,US,Maryland,Frederick,Big Hunting Creek,Catoctin Mountain Park,10000,WGS84,P.N. Hogan,Acme.mapper 2.2,Maryland Plecoptera Project,No restrictions,,454,-77.45,39.61666667
289,Literature,"Literature (Duffield and Nelson, 1990)",,Animalia,Arthropoda,Insecta,Plecoptera,Capniidae,Allocapnia,nivicola,"(Fitch, 1847)",Brook Snowfly,accepted,species,not type,,NA,12/24/1987,12,24,1987,,,,,,0,0,0,0,60,"male, female",adult,USA,US,Maryland,Frederick,Big Hunting Creek,Catoctin Mountain Park,10000,WGS84,P.N. Hogan,Acme.mapper 2.2,Maryland Plecoptera Project,No restrictions,,454,-77.45,39.61666667
290,Literature,"Literature (Duffield and Nelson, 1990)",,Animalia,Arthropoda,Insecta,Plecoptera,Capniidae,Allocapnia,nivicola,"(Fitch, 1847)",Brook Snowfly,accepted,species,not type,,NA,NA,NA,NA,NA,,,,,,0,0,0,0,1291,"male, female",-,USA,US,Maryland,Frederick,Big Hunting Creek,Catoctin Mountain Park,10000,WGS84,P.N. Hogan,Acme.mapper 2.7,Maryland Plecoptera Project,No restrictions,,454,-77.45,39.61666667
291,Literature,"Literature (Duffield and Nelson, 1993)",,Animalia,Arthropoda,Insecta,Plecoptera,Capniidae,Allocapnia,nivicola,"(Fitch, 1847)",Brook Snowfly,accepted,species,not type,,NA,NA,NA,NA,NA,,R.M. Duffield,,,,0,0,0,0,2,,exuvia,USA,US,Maryland,Frederick,Big Hunting Creek,Catoctin Mountain Park,10000,WGS84,P.N. Hogan,Acme.mapper 2.7,Maryland Plecoptera Project,No restrictions,,454,-77.45,39.61666667
292,Literature,"Literature (Duffield and Nelson, 1993)",,Animalia,Arthropoda,Insecta,Plecoptera,Capniidae,Allocapnia,nivicola,"(Fitch, 1847)",Brook Snowfly,accepted,species,not type,,NA,NA,NA,NA,NA,,R.M. Duffield,,,,0,0,0,0,2,,exuvia,USA,US,Maryland,Frederick,Big Hunting Creek,Catoctin Mountain Park,10000,WGS84,P.N. Hogan,Acme.mapper 2.4,Maryland Plecoptera Project,No restrictions,,454,-77.45,39.61666667
293,Literature,"Literature (Duffield and Nelson, 1993)",,Animalia,Arthropoda,Insecta,Plecoptera,Capniidae,Allocapnia,nivicola,"(Fitch, 1847)",Brook Snowfly,accepted,species,not type,,NA,NA,NA,NA,NA,,R.M. Duffield,,,,0,0,0,0,26,,larval,USA,US,Maryland,Frederick,Big Hunting Creek,Catoctin Mountain Park,10000,WGS84,P.N. Hogan,Acme.mapper 2.4,Maryland Plecoptera Project,No restrictions,,454,-77.45,39.61666667
294,Literature,"Literature (Duffield and Nelson, 1993)",,Animalia,Arthropoda,Insecta,Plecoptera,Capniidae,Allocapnia,nivicola,"(Fitch, 1847)",Brook Snowfly,accepted,species,not type,,NA,NA,NA,NA,NA,,R.M. Duffield,,,,0,0,0,0,26,,larval,USA,US,Maryland,Frederick,Big Hunting Creek,Catoctin Mountain Park,10000,WGS84,P.N. Hogan,Acme.mapper 2.5,Maryland Plecoptera Project,No restrictions,,454,-77.45,39.61666667
295,Literature,"Literature (Duffield and Nelson, 1993)",,Animalia,Arthropoda,Insecta,Plecoptera,Capniidae,Allocapnia,nivicola,"(Fitch, 1847)",Brook Snowfly,accepted,species,not type,,NA,NA,NA,NA,NA,,R.M. Duffield,,,,0,0,0,0,380,male,adult,USA,US,Maryland,Frederick,Big Hunting Creek,Catoctin Mountain Park,10000,WGS84,P.N. Hogan,Acme.mapper 2.5,Maryland Plecoptera Project,No restrictions,,454,-77.45,39.61666667
296,Literature,"Literature (Duffield and Nelson, 1993)",,Animalia,Arthropoda,Insecta,Plecoptera,Capniidae,Allocapnia,nivicola,"(Fitch, 1847)",Brook Snowfly,accepted,species,not type,,NA,NA,NA,NA,NA,,R.M. Duffield,,,,0,0,0,0,380,male,adult,USA,US,Maryland,Frederick,Big Hunting Creek,Catoctin Mountain Park,10000,WGS84,P.N. Hogan,Acme.mapper 2.6,Maryland Plecoptera Project,No restrictions,,454,-77.45,39.61666667
297,Literature,"Literature (Duffield and Nelson, 1993)",,Animalia,Arthropoda,Insecta,Plecoptera,Capniidae,Allocapnia,nivicola,"(Fitch, 1847)",Brook Snowfly,accepted,species,not type,,NA,NA,NA,NA,NA,,R.M. Duffield,,,,0,0,0,0,747,female,adult,USA,US,Maryland,Frederick,Big Hunting Creek,Catoctin Mountain Park,10000,WGS84,P.N. Hogan,Acme.mapper 2.6,Maryland Plecoptera Project,No restrictions,,454,-77.45,39.61666667
298,Literature,"Literature (Duffield and Nelson, 1993)",,Animalia,Arthropoda,Insecta,Plecoptera,Capniidae,Allocapnia,nivicola,"(Fitch, 1847)",Brook Snowfly,accepted,species,not type,,NA,NA,NA,NA,NA,,R.M. Duffield,,,,0,0,0,0,747,female,adult,USA,US,Maryland,Frederick,Big Hunting Creek,Catoctin Mountain Park,10000,WGS84,P.N. Hogan,Acme.mapper 2.2,Maryland Plecoptera Project,No restrictions,,454,-77.45,39.61666667
299,Collection,USNM,,Animalia,Arthropoda,Insecta,Plecoptera,Capniidae,Allocapnia,nivicola,"(Fitch, 1847)",Brook Snowfly,accepted,species,not type,S.A. Grubbs,NA,2/27/1988,2,27,1988,vial,,,stream,PreservedSpecimen,1,1,0,0,2,"male, female",adult,USA,US,Maryland,Frederick,Big Hunting Creek,,1000,WGS84,P.N. Hogan,,Maryland Plecoptera Project,No Restrictions,,182,-77.4663,39.4845
300,Collection,WKUC,,Animalia,Arthropoda,Insecta,Plecoptera,Capniidae,Allocapnia,nivicola,"(Fitch, 1847)",Brook Snowfly,accepted,species,not type,S.A. Grubbs,NA,12/10/1996,12,10,1996,vial,S.A. Grubbs,,stream,PreservedSpecimen,7,1,0,0,8,"male, female, ",adult,USA,US,Maryland,Frederick,Hunting Creek,"Re. 77, ca. 1 mi SW U.S. 15",10,WGS84,S.A. Grubbs,mapper.acme.com,Maryland Plecoptera Project,No Restrictions,,218,-77.43537,39.62108
301,Collection,INHS,Plecoptera 10071,Animalia,Arthropoda,Insecta,Plecoptera,Capniidae,Allocapnia,nivicola,"(Fitch, 1847)",Brook Snowfly,accepted,species,not type,T.H. Frison,NA,2/13/1938,2,13,1938,Vial,R.E. Yeatter,,,,10,0,0,0,10,,,USA,US,Maryland,Garrett,Shade Run,Grantsville,10000,,,,Maryland Plecoptera Project,No restrictions,,709,-79.15139,39.695
302,Collection,WKUC,,Animalia,Arthropoda,Insecta,Plecoptera,Capniidae,Allocapnia,nivicola,"(Fitch, 1847)",Brook Snowfly,accepted,species,not type,P.N. Hogan,2020,3/14/2020,3,14,2020,vial,P.N. Hogan,PNH-087-20,stream,Preservedspecimen,2,2,0,0,4,"male, female",adult,USA,US,Maryland,Garrett,tributary to Lake Konoshawnee,"stream alongside Snaggy Mountain Rd., 800 m from lake, Garrett State Forest",10,WGS 84,P.N. Hogan,Google Earth,Maryland Plecoptera Project,No Restrictions,,736,-79.46265,39.45917
303,Collection,WKUC,,Animalia,Arthropoda,Insecta,Plecoptera,Capniidae,Allocapnia,nivicola,"(Fitch, 1847)",Brook Snowfly,accepted,species,not type,P.N. Hogan,2020,3/18/2020,3,18,2020,vial,P.N. Hogan,PNH-107-20,stream,Preservedspecimen,0,1,0,0,1,female,adult,USA,US,Maryland,Garrett,tributary to Murley Run,"up trail from Snaggy Mountain Rd., first right onto logging Rd., Garrett State Forest",10,WGS 84,P.N. Hogan,Google Earth,Maryland Plecoptera Project,No Restrictions,,774,-79.466,39.49402
304,Collection,WKUC,,Animalia,Arthropoda,Insecta,Plecoptera,Capniidae,Allocapnia,nivicola,"(Fitch, 1847)",Brook Snowfly,accepted,species,not type,P.N. Hogan,2020,3/16/2020,3,16,2020,vial,P.N. Hogan,PNH-092-20,stream,Preservedspecimen,0,1,0,0,1,female,adult,USA,US,Maryland,Garrett,Crabtree Creek,"bridge on Savage River Rd., Savage River State Forest",10,WGS 84,P.N. Hogan,Google Earth,Maryland Plecoptera Project,No Restrictions,,454,-79.15527,39.50424
305,Collection,WKUC,,Animalia,Arthropoda,Insecta,Plecoptera,Capniidae,Allocapnia,nivicola,"(Fitch, 1847)",Brook Snowfly,accepted,species,not type,P.N. Hogan,2020,3/16/2020,3,16,2020,vial,P.N. Hogan,PNH-093-20,stream,Preservedspecimen,0,3,0,0,3,female,adult,USA,US,Maryland,Garrett,Middle Fork Crabtree Creek,"bridge on Savage River Rd., Savage River State Forest",10,WGS 84,P.N. Hogan,Google Earth,Maryland Plecoptera Project,No Restrictions,,452,-79.15421,39.51271
306,Collection,WKUC,,Animalia,Arthropoda,Insecta,Plecoptera,Capniidae,Allocapnia,nivicola,"(Fitch, 1847)",Brook Snowfly,accepted,species,not type,P.N. Hogan,2020,3/20/2020,3,20,2020,vial,P.N. Hogan,PNH-127-20,stream,Preservedspecimen,0,1,0,0,1,female,adult,USA,US,Maryland,Garrett,Middle Fork Crabtree Creek,"bridge on Savage River Rd., Savage River State Forest",10,WGS 84,P.N. Hogan,Google Earth,Maryland Plecoptera Project,No Restrictions,,452,-79.15424,39.51272
307,Collection,WKUC,,Animalia,Arthropoda,Insecta,Plecoptera,Capniidae,Allocapnia,nivicola,"(Fitch, 1847)",Brook Snowfly,accepted,species,not type,P.N. Hogan,2020,3/20/2020,3,20,2020,vial,P.N. Hogan,PNH-130-20,stream,Preservedspecimen,1,1,0,0,2,"male, female",adult,USA,US,Maryland,Garrett,Middle Fork Crabtree Creek,"west of first tributary on south side roughly 400 m westward, Savage River State Forest",10,WGS 84,P.N. Hogan,Google Earth,Maryland Plecoptera Project,No Restrictions,,488,-79.16692,39.51436
308,Collection,WKUC,,Animalia,Arthropoda,Insecta,Plecoptera,Capniidae,Allocapnia,nivicola,"(Fitch, 1847)",Brook Snowfly,accepted,species,not type,P.N. Hogan,2020,3/20/2020,3,20,2020,vial,P.N. Hogan,PNH-131-20,stream,Preservedspecimen,1,3,0,0,4,"male, female",adult,USA,US,Maryland,Garrett,Middle Fork Crabtree Creek,"north bank, 150 ft from spring, Savage River State Forest",10,WGS 84,P.N. Hogan,Google Earth,Maryland Plecoptera Project,No Restrictions,,477,-79.15975,39.51461
309,Collection,WKUC,,Animalia,Arthropoda,Insecta,Plecoptera,Capniidae,Allocapnia,nivicola,"(Fitch, 1847)",Brook Snowfly,accepted,species,not type,P.N. Hogan,2020,3/13/2020,3,13,2020,vial,P.N. Hogan,PNH-083-20,stream,Preservedspecimen,1,0,0,0,1,male,adult,USA,US,Maryland,Garrett,Casselman River,handicapped fisherman river access under I-68 off US-40,10,WGS 84,P.N. Hogan,Google Earth,Maryland Plecoptera Project,No Restrictions,,644,-79.14031,39.69512
310,Collection,WKUC,,Animalia,Arthropoda,Insecta,Plecoptera,Capniidae,Allocapnia,nivicola,"(Fitch, 1847)",Brook Snowfly,accepted,species,not type,P.N. Hogan,2020,3/16/2020,3,16,2020,vial,P.N. Hogan,PNH-100-20,stream,Preservedspecimen,1,0,0,0,1,male,adult,USA,US,Maryland,Garrett,Casselman River,first bridge on River Rd. heading north,10,WGS 84,P.N. Hogan,Google Earth,Maryland Plecoptera Project,No Restrictions,,637,-79.13657,39.70197
311,Collection,WKUC,,Animalia,Arthropoda,Insecta,Plecoptera,Capniidae,Allocapnia,nivicola,"(Fitch, 1847)",Brook Snowfly,accepted,species,not type,P.N. Hogan,2020,3/12/2020,3,12,2020,vial,P.N. Hogan,PNH-073-20,stream,Preservedspecimen,0,2,0,0,2,female,adult,USA,US,Maryland,Garrett,Savage River,"Savage River Rd. bridge closest to Warnick Run, Savage River State Forest",10,WGS 84,P.N. Hogan,Google Earth,Maryland Plecoptera Project,No Restrictions,,522,-79.08465,39.58801
312,Collection,WKUC,,Animalia,Arthropoda,Insecta,Plecoptera,Capniidae,Allocapnia,nivicola,"(Fitch, 1847)",Brook Snowfly,accepted,species,not type,P.N. Hogan,2020,3/12/2020,3,12,2020,vial,P.N. Hogan,PNH-076-20,stream,Preservedspecimen,3,8,0,0,11,"male, female",adult,USA,US,Maryland,Garrett,Savage River,"bridge, Mount Aetna Tract of Savage River State Forest",10,WGS 84,P.N. Hogan,Google Earth,Maryland Plecoptera Project,No Restrictions,,688,-79.02006,39.6433
313,Collection,WKUC,,Animalia,Arthropoda,Insecta,Plecoptera,Capniidae,Allocapnia,nivicola,"(Fitch, 1847)",Brook Snowfly,accepted,species,not type,P.N. Hogan,2020,3/13/2020,3,13,2020,vial,P.N. Hogan,PNH-081-20,stream,Preservedspecimen,4,2,0,0,6,"male, female",adult,USA,US,Maryland,Garrett,Savage River,"bridge, Mount Aetna Tract of Savage River State Forest",10,WGS 84,P.N. Hogan,Google Earth,Maryland Plecoptera Project,No Restrictions,,688,-79.02006,39.6433
314,Collection,WKUC,,Animalia,Arthropoda,Insecta,Plecoptera,Capniidae,Allocapnia,nivicola,"(Fitch, 1847)",Brook Snowfly,accepted,species,not type,P.N. Hogan,2020,3/14/2020,3,14,2020,vial,P.N. Hogan,PNH-090-20,stream,Preservedspecimen,9,19,0,0,28,"male, female",adult,USA,US,Maryland,Garrett,Savage River,bridge in Mount Aetna Tract of Savage River State Forest,10,WGS 84,P.N. Hogan,Google Earth,Maryland Plecoptera Project,No Restrictions,,688,-79.02006,39.6433
315,Collection,WKUC,,Animalia,Arthropoda,Insecta,Plecoptera,Capniidae,Allocapnia,nivicola,"(Fitch, 1847)",Brook Snowfly,accepted,species,not type,P.N. Hogan,2020,3/16/2020,3,16,2020,vial,P.N. Hogan,PNH-098-20,stream,Preservedspecimen,1,0,0,0,1,female,adult,USA,US,Maryland,Garrett,Bluelick Run,"Pea Spur Rd., just after intersection of Savage River Rd. with Westernport Rd.",10,WGS 84,P.N. Hogan,Google Earth,Maryland Plecoptera Project,No Restrictions,,536,-79.08294,39.59921
316,Collection,WKUC,,Animalia,Arthropoda,Insecta,Plecoptera,Capniidae,Allocapnia,nivicola,"(Fitch, 1847)",Brook Snowfly,accepted,species,not type,P.N. Hogan,2020,3/16/2020,3,16,2020,vial,P.N. Hogan,PNH-099-20,stream,Preservedspecimen,2,12,0,0,14,"male, female",adult,USA,US,Maryland,Garrett,Savage River,bridge in Mount Aetna Tract of Savage River State Forest,10,WGS 84,P.N. Hogan,Google Earth,Maryland Plecoptera Project,No Restrictions,,688,-79.02005,39.64332
317,Collection,WKUC,,Animalia,Arthropoda,Insecta,Plecoptera,Capniidae,Allocapnia,nivicola,"(Fitch, 1847)",Brook Snowfly,accepted,species,not type,P.N. Hogan,2020,3/19/2020,3,19,2020,vial,P.N. Hogan,PNH-116-20,stream,Preservedspecimen,9,26,0,0,35,"male, female",adult,USA,US,Maryland,Garrett,Savage River,"bridge closest to Warnick Run on Savage River Rd., Savage River State Forest",10,WGS 84,P.N. Hogan,Google Earth,Maryland Plecoptera Project,No Restrictions,,522,-79.08465,39.588
318,Collection,WKUC,,Animalia,Arthropoda,Insecta,Plecoptera,Capniidae,Allocapnia,nivicola,"(Fitch, 1847)",Brook Snowfly,accepted,species,not type,P.N. Hogan,2020,3/19/2020,3,19,2020,vial,P.N. Hogan,PNH-122-20,stream,Preservedspecimen,0,4,0,0,4,female,adult,USA,US,Maryland,Garrett,Savage River,bridge in Mount Aetna Tract of Savage River State Forest,10,WGS 84,P.N. Hogan,Google Earth,Maryland Plecoptera Project,No Restrictions,,688,-79.0201,39.64333
319,Collection,WKUC,,Animalia,Arthropoda,Insecta,Plecoptera,Capniidae,Allocapnia,nivicola,"(Fitch, 1847)",Brook Snowfly,accepted,species,not type,P.N. Hogan,2020,3/20/2020,3,20,2020,vial,P.N. Hogan,PNH-125-20,stream,Preservedspecimen,4,5,0,0,9,"male, female",adult,USA,US,Maryland,Garrett,Savage River,"bridge on Savage River Rd., near Warnick Run, Savage River State Forest",10,WGS 84,P.N. Hogan,Google Earth,Maryland Plecoptera Project,No Restrictions,,522,-79.08466,39.58795
320,Collection,WKUC,,Animalia,Arthropoda,Insecta,Plecoptera,Capniidae,Allocapnia,nivicola,"(Fitch, 1847)",Brook Snowfly,accepted,species,not type,S.A. Grubbs,NA,1/30/1995,1,30,1995,vial,S.A. Grubbs,,stream,PreservedSpecimen,1,0,0,0,1,female ,adult,USA,US,Maryland,Garrett,Bear Creek,Fish Hatchery Rd.,10,WGS84,S.A. Grubbs,mapper.acme.com,Maryland Plecoptera Project,No Restrictions,Original listing as Friendsville Community Park,633,-79.29617,39.65022
321,Collection,WKUC,,Animalia,Arthropoda,Insecta,Plecoptera,Capniidae,Allocapnia,nivicola,"(Fitch, 1847)",Brook Snowfly,accepted,species,not type,S.A. Grubbs,NA,3/31/1996,3,31,1996,vial,S.A. Grubbs,,stream,PreservedSpecimen,3,5,0,0,1,female ,adult,USA,US,Maryland,Garrett,Middle Fork,Savage River Rd. ,10,WGS84,S.A. Grubbs,mapper.acme.com,Maryland Plecoptera Project,No Restrictions,,452,-79.15479,39.51303
322,Collection,WKUC,,Animalia,Arthropoda,Insecta,Plecoptera,Capniidae,Allocapnia,nivicola,"(Fitch, 1847)",Brook Snowfly,accepted,species,not type,S.A. Grubbs,NA,3/6/1997,3,6,1997,vial,S.A. Grubbs,,stream,PreservedSpecimen,0,1,0,0,1,female ,adult,USA,US,Maryland,Garrett,Mill Run,"Mill Run Rd., 0.1 mi E Rte. 53",10,WGS84,S.A. Grubbs,mapper.acme.com,Maryland Plecoptera Project,No Restrictions,,481,-79.35825,39.70851
323,Collection,WKUC,,Animalia,Arthropoda,Insecta,Plecoptera,Capniidae,Allocapnia,nivicola,"(Fitch, 1847)",Brook Snowfly,accepted,species,not type,S.A. Grubbs,NA,3/17/1996,3,17,1996,vial,S.A. Grubbs,,stream,PreservedSpecimen,1,0,0,0,1,female ,adult,USA,US,Maryland,Garrett,Pine Swamp Run,"Pine Swamp Rd., 2 mi W Westernport Rd.",10,WGS84,S.A. Grubbs,mapper.acme.com,Maryland Plecoptera Project,No Restrictions,,768,-79.10183,39.55218
324,Collection,WKUC,,Animalia,Arthropoda,Insecta,Plecoptera,Capniidae,Allocapnia,nivicola,"(Fitch, 1847)",Brook Snowfly,accepted,species,not type,S.A. Grubbs,NA,3/11/1995,3,11,1995,vial,S.A. Grubbs,,stream,PreservedSpecimen,0,1,0,0,1,female ,adult,USA,US,Maryland,Garrett,Poplar Lick Run,,10,WGS84,S.A. Grubbs,mapper.acme.com,Maryland Plecoptera Project,No Restrictions,,662,-79.14648,39.60688
325,Collection,WKUC,,Animalia,Arthropoda,Insecta,Plecoptera,Capniidae,Allocapnia,nivicola,"(Fitch, 1847)",Brook Snowfly,accepted,species,not type,S.A. Grubbs,NA,2/19/1996,2,19,1996,vial,S.A. Grubbs,,stream,PreservedSpecimen,0,1,0,0,1,female ,adult,USA,US,Maryland,Garrett,seep into Savage River,"Savage River Rd., 0.3 mi upstream Savage River Reservoir",10,WGS84,P.N. Hogan,mapper.acme.com,Maryland Plecoptera Project,No Restrictions,,452,-79.12955,39.54459
326,Collection,WKUC,,Animalia,Arthropoda,Insecta,Plecoptera,Capniidae,Allocapnia,nivicola,"(Fitch, 1847)",Brook Snowfly,accepted,species,not type,S.A. Grubbs,NA,3/3/1996,3,3,1996,vial,S.A. Grubbs,,stream,PreservedSpecimen,0,1,0,0,1,female ,adult,USA,US,Maryland,Garrett,spring into Savage River,0.7 mi downstream confluence with Poplar Lick Run,10,WGS84,S.A. Grubbs,mapper.acme.com,Maryland Plecoptera Project,No Restrictions,,508,-79.09752,39.57844
327,Collection,WKUC,,Animalia,Arthropoda,Insecta,Plecoptera,Capniidae,Allocapnia,nivicola,"(Fitch, 1847)",Brook Snowfly,accepted,species,not type,S.A. Grubbs,NA,3/18/1996,3,18,1996,vial,S.A. Grubbs,,stream,PreservedSpecimen,1,0,0,0,1,male,adult,USA,US,Maryland,Garrett,spring into Savage River,0.7 mi downstream confluence with Poplar Lick Run,10,WGS84,S.A. Grubbs,mapper.acme.com,Maryland Plecoptera Project,No Restrictions,,508,-79.09752,39.57844
328,Collection,WKUC,,Animalia,Arthropoda,Insecta,Plecoptera,Capniidae,Allocapnia,nivicola,"(Fitch, 1847)",Brook Snowfly,accepted,species,not type,S.A. Grubbs,NA,3/8/1997,3,8,1997,vial,S.A. Grubbs,,stream,PreservedSpecimen,0,1,0,0,1,female ,adult,USA,US,Maryland,Garrett,"spring, North Prong. Lostland Run",nr. confluence with South Prong. Lostland Run,10,WGS84,P.N. Hogan,mapper.acme.com,Maryland Plecoptera Project,No Restrictions,,653,-79.25442,39.37202
329,Collection,WKUC,,Animalia,Arthropoda,Insecta,Plecoptera,Capniidae,Allocapnia,nivicola,"(Fitch, 1847)",Brook Snowfly,accepted,species,not type,S.A. Grubbs,NA,3/8/1997,3,8,1997,vial,S.A. Grubbs,,stream,PreservedSpecimen,0,1,0,0,1,female ,adult,USA,US,Maryland,Garrett,"spring, South Prong. Lostland Run",0.5 mi SE North Prong. Lostland Run,10,WGS84,P.N. Hogan,mapper.acme.com,Maryland Plecoptera Project,No Restrictions,,739,-79.27712,39.38217
330,Collection,WKUC,,Animalia,Arthropoda,Insecta,Plecoptera,Capniidae,Allocapnia,nivicola,"(Fitch, 1847)",Brook Snowfly,accepted,species,not type,S.A. Grubbs,NA,4/14/1996,4,14,1996,vial,S.A. Grubbs,,stream,PreservedSpecimen,0,1,0,0,1,female ,adult,USA,US,Maryland,Garrett,"tributary, Little Laurel Run","W. Shale Rd., 1.8 mi SW New Germany Rd.",10,WGS84,S.A. Grubbs,mapper.acme.com,Maryland Plecoptera Project,No Restrictions,,837,-79.1493,39.6311
331,Collection,WKUC,,Animalia,Arthropoda,Insecta,Plecoptera,Capniidae,Allocapnia,nivicola,"(Fitch, 1847)",Brook Snowfly,accepted,species,not type,S.A. Grubbs,NA,3/25/1996,3,25,1996,vial,S.A. Grubbs,,stream,PreservedSpecimen,0,3,0,0,1,male,adult,USA,US,Maryland,Garrett,"tributary, Mill Run","near Westernport Rd., 1.8 mi S Pine Swamp Rd.",10,WGS84,P.N. Hogan,mapper.acme.com,Maryland Plecoptera Project,No Restrictions,,631,-79.06383,39.54579
332,Collection,WKUC,,Animalia,Arthropoda,Insecta,Plecoptera,Capniidae,Allocapnia,nivicola,"(Fitch, 1847)",Brook Snowfly,accepted,species,not type,S.A. Grubbs,NA,3/2/1996,3,2,1996,vial,S.A. Grubbs,,stream,PreservedSpecimen,0,1,0,0,1,female ,adult,USA,US,Maryland,Garrett,"tributary, Swamp Run","Swamp Rd., 0.6 mi E Westernport Rd.",10,WGS84,P.N. Hogan,mapper.acme.com,Maryland Plecoptera Project,No Restrictions,,760,-79.06153,39.5814
333,Collection,WKUC,,Animalia,Arthropoda,Insecta,Plecoptera,Capniidae,Allocapnia,nivicola,"(Fitch, 1847)",Brook Snowfly,accepted,species,not type,S.A. Grubbs,NA,2/25/1996,2,25,1996,vial,S.A. Grubbs,,stream,PreservedSpecimen,6,3,0,0,1,female ,adult,USA,US,Maryland,Garrett,"tributary, Toliver Run","Maple Glade Rd., 0.3 mi E Cranesville Rd.",10,WGS84,S.A. Grubbs,mapper.acme.com,Maryland Plecoptera Project,No Restrictions,,769,-79.44988,39.50614
334,Collection,WKUC,,Animalia,Arthropoda,Insecta,Plecoptera,Capniidae,Allocapnia,nivicola,"(Fitch, 1847)",Brook Snowfly,accepted,species,not type,S.A. Grubbs,NA,3/31/1996,3,31,1996,vial,S.A. Grubbs,,stream,PreservedSpecimen,0,1,0,0,1,female ,adult,USA,US,Maryland,Garrett,"tributary, Toliver Run","Maple Glade Rd., 0.6 mi E Cranesville Rd.",10,WGS84,S.A. Grubbs,mapper.acme.com,Maryland Plecoptera Project,No Restrictions,,769,-79.4457,39.50762
335,Collection,WKUC,,Animalia,Arthropoda,Insecta,Plecoptera,Capniidae,Allocapnia,nivicola,"(Fitch, 1847)",Brook Snowfly,accepted,species,not type,S.A. Grubbs,NA,4/27/1996,4,27,1996,vial,S.A. Grubbs,,stream,PreservedSpecimen,0,1,0,0,1,female ,adult,USA,US,Maryland,Garrett,"tributary, Toliver Run","Maple Glade Rd., 0.6 mi E Cranesville Rd.",10,WGS84,S.A. Grubbs,mapper.acme.com,Maryland Plecoptera Project,No Restrictions,,769,-79.4457,39.50762
336,Collection,WKUC,,Animalia,Arthropoda,Insecta,Plecoptera,Capniidae,Allocapnia,nivicola,"(Fitch, 1847)",Brook Snowfly,accepted,species,not type,S.A. Grubbs,NA,1/30/1995,1,30,1995,vial,S.A. Grubbs,,stream,PreservedSpecimen,1,2,0,0,1,male,adult,USA,US,Maryland,Garrett,Youghiogheny River,"Sang Rd., Sang Run Community Park",10,WGS84,P.N. Hogan,mapper.acme.com,Maryland Plecoptera Project,No Restrictions,,605,-79.42675,39.56504
337,Collection,WKUC,,Animalia,Arthropoda,Insecta,Plecoptera,Capniidae,Allocapnia,nivicola,"(Fitch, 1847)",Brook Snowfly,accepted,species,not type,S.A. Grubbs,NA,12/30/1994,12,30,1994,vial,S.A. Grubbs,,stream,PreservedSpecimen,2,0,0,0,2,male,adult,USA,US,Maryland,Garrett,Big Run,at Savage River Reservoir,10,WGS84,P.N. Hogan,mapper.acme.com,Maryland Plecoptera Project,No Restrictions,,509,-79.13803, 39.54295
338,Collection,WKUC,,Animalia,Arthropoda,Insecta,Plecoptera,Capniidae,Allocapnia,nivicola,"(Fitch, 1847)",Brook Snowfly,accepted,species,not type,S.A. Grubbs,NA,2/19/1995,2,19,1995,vial,S.A. Grubbs,,stream,PreservedSpecimen,12,10,0,0,2,female ,adult,USA,US,Maryland,Garrett,Poplar Lick Run,,10,WGS84,S.A. Grubbs,mapper.acme.com,Maryland Plecoptera Project,No Restrictions,,662,-79.14648,39.60688
339,Collection,WKUC,,Animalia,Arthropoda,Insecta,Plecoptera,Capniidae,Allocapnia,nivicola,"(Fitch, 1847)",Brook Snowfly,accepted,species,not type,S.A. Grubbs,NA,1/2/1997,1,2,1997,vial,S.A. Grubbs,,stream,PreservedSpecimen,2,0,0,0,2,male,adult,USA,US,Maryland,Garrett,Savage River,nr. Westernport Rd.,10,WGS84,P.N. Hogan,mapper.acme.com,Maryland Plecoptera Project,No Restrictions,,537,-79.08314,39.59885
340,Collection,WKUC,,Animalia,Arthropoda,Insecta,Plecoptera,Capniidae,Allocapnia,nivicola,"(Fitch, 1847)",Brook Snowfly,accepted,species,not type,S.A. Grubbs,NA,2/25/1996,2,25,1996,vial,S.A. Grubbs,,stream,PreservedSpecimen,5,3,0,0,2,"male, female, ",adult,USA,US,Maryland,Garrett,"tributary, Dunkard Lick Run","Fingerboard Rd., 0.2 mi E Sanders Lane",10,WGS84,P.N. Hogan,mapper.acme.com,Maryland Plecoptera Project,No Restrictions,,747,-79.45468,39.42331
341,Collection,WKUC,,Animalia,Arthropoda,Insecta,Plecoptera,Capniidae,Allocapnia,nivicola,"(Fitch, 1847)",Brook Snowfly,accepted,species,not type,S.A. Grubbs,NA,4/8/1996,4,8,1996,vial,S.A. Grubbs,,stream,PreservedSpecimen,0,2,0,0,2,female ,adult,USA,US,Maryland,Garrett,"tributary, Little Laurel Run","W. Shale Rd., 1.8 mi SW New Germany Rd.",10,WGS84,S.A. Grubbs,mapper.acme.com,Maryland Plecoptera Project,No Restrictions,,837,-79.1493,39.6311
342,Collection,WKUC,,Animalia,Arthropoda,Insecta,Plecoptera,Capniidae,Allocapnia,nivicola,"(Fitch, 1847)",Brook Snowfly,accepted,species,not type,S.A. Grubbs,NA,12/30/1994,12,30,1994,vial,S.A. Grubbs,,stream,PreservedSpecimen,2,1,0,0,3,"male, female, ",adult,USA,US,Maryland,Garrett,Savage River,immediately upstream Savage River Reservoir,10,WGS84,S.A. Grubbs,mapper.acme.com,Maryland Plecoptera Project,No Restrictions,,446,-79.13746,39.54298
343,Collection,WKUC,,Animalia,Arthropoda,Insecta,Plecoptera,Capniidae,Allocapnia,nivicola,"(Fitch, 1847)",Brook Snowfly,accepted,species,not type,S.A. Grubbs,NA,3/25/1996,3,25,1996,vial,S.A. Grubbs,,stream,PreservedSpecimen,1,0,0,0,3,female ,adult,USA,US,Maryland,Garrett,Savage River,"Pea Ridge Spur, 0.3 mi NE Westernport Rd.",10,WGS84,P.N. Hogan,mapper.acme.com,Maryland Plecoptera Project,No Restrictions,,546,-79.08039,39.60267
344,Collection,WKUC,,Animalia,Arthropoda,Insecta,Plecoptera,Capniidae,Allocapnia,nivicola,"(Fitch, 1847)",Brook Snowfly,accepted,species,not type,S.A. Grubbs,NA,4/14/1996,4,14,1996,vial,S.A. Grubbs,,stream,PreservedSpecimen,1,4,0,0,3,female ,adult,USA,US,Maryland,Garrett,spring,"along Meadow Mtn. ORV Trail, 2.4 mi NE New Germany Rd.",1000,WGS84,P.N. Hogan,mapper.acme.com,Maryland Plecoptera Project,No Restrictions,,836,-79.14803,39.63186
345,Collection,WKUC,,Animalia,Arthropoda,Insecta,Plecoptera,Capniidae,Allocapnia,nivicola,"(Fitch, 1847)",Brook Snowfly,accepted,species,not type,S.A. Grubbs,NA,3/6/1996,3,6,1996,vial,S.A. Grubbs,,stream,PreservedSpecimen,2,3,0,0,3,female ,adult,USA,US,Maryland,Garrett,"tributary, Big Laurel Run","W. Shale Rd., 0.5 mi SW New Germany Rd.",10,WGS84,S.A. Grubbs,mapper.acme.com,Maryland Plecoptera Project,No Restrictions,,802,-79.13172,39.6465
346,Collection,WKUC,,Animalia,Arthropoda,Insecta,Plecoptera,Capniidae,Allocapnia,nivicola,"(Fitch, 1847)",Brook Snowfly,accepted,species,not type,S.A. Grubbs,NA,3/7/1996,3,7,1996,vial,S.A. Grubbs,,stream,PreservedSpecimen,1,2,0,0,3,"male, female, ",adult,USA,US,Maryland,Garrett,"tributary, Mill Run","Westernport Rd., 1.7 mi S Pine Swamp Rd.",10,WGS84,S.A. Grubbs,mapper.acme.com,Maryland Plecoptera Project,No Restrictions,,709,-79.0759,39.54565
347,Collection,WKUC,,Animalia,Arthropoda,Insecta,Plecoptera,Capniidae,Allocapnia,nivicola,"(Fitch, 1847)",Brook Snowfly,accepted,species,not type,S.A. Grubbs,NA,3/31/1996,3,31,1996,vial,S.A. Grubbs,,stream,PreservedSpecimen,0,3,0,0,3,female ,adult,USA,US,Maryland,Garrett,"tributary, Toliver Run","Maple Glade Rd., 0.3 mi E Cranesville Rd.",10,WGS84,S.A. Grubbs,mapper.acme.com,Maryland Plecoptera Project,No Restrictions,,769,-79.44988,39.50614
348,Collection,WKUC,,Animalia,Arthropoda,Insecta,Plecoptera,Capniidae,Allocapnia,nivicola,"(Fitch, 1847)",Brook Snowfly,accepted,species,not type,S.A. Grubbs,NA,1/30/1995,1,30,1995,vial,S.A. Grubbs,,stream,PreservedSpecimen,2,7,0,0,3,"male, female, ",adult,USA,US,Maryland,Garrett,Youghiogheny River,nr. Oakland-Sang Run Rd.,10,WGS84,P.N. Hogan,mapper.acme.com,Maryland Plecoptera Project,No Restrictions,,615,-79.41217,39.52866
349,Collection,WKUC,,Animalia,Arthropoda,Insecta,Plecoptera,Capniidae,Allocapnia,nivicola,"(Fitch, 1847)",Brook Snowfly,accepted,species,not type,S.A. Grubbs,NA,1/8/1995,1,8,1995,vial,S.A. Grubbs,,stream,PreservedSpecimen,2,2,0,0,4,"male, female, ",adult,USA,US,Maryland,Garrett,Savage River,immediately upstream Savage River Reservoir,10,WGS84,S.A. Grubbs,mapper.acme.com,Maryland Plecoptera Project,No Restrictions,,446,-79.13746,39.54298
350,Collection,WKUC,,Animalia,Arthropoda,Insecta,Plecoptera,Capniidae,Allocapnia,nivicola,"(Fitch, 1847)",Brook Snowfly,accepted,species,not type,S.A. Grubbs,NA,3/8/1997,3,8,1997,vial,S.A. Grubbs,,stream,PreservedSpecimen,61,5,0,0,4,"male, female, ",adult,USA,US,Maryland,Garrett,"spring, Riley's Spring Branch, Laurel Run","Audley-Riley Rd., 0.2 mi SE Laurel Run Rd.",10,WGS84,P.N. Hogan,mapper.acme.com,Maryland Plecoptera Project,No Restrictions,,792,-79.29669,39.33956
351,Collection,WKUC,,Animalia,Arthropoda,Insecta,Plecoptera,Capniidae,Allocapnia,nivicola,"(Fitch, 1847)",Brook Snowfly,accepted,species,not type,S.A. Grubbs,NA,4/14/1996,4,14,1996,vial,S.A. Grubbs,,stream,PreservedSpecimen,0,3,0,0,5,"male, female, ",adult,USA,US,Maryland,Garrett,Big Laurel Run,W. Shale Rd.,10,WGS84,S.A. Grubbs,mapper.acme.com,Maryland Plecoptera Project,No Restrictions,,798,-79.1304,39.6481
352,Collection,WKUC,,Animalia,Arthropoda,Insecta,Plecoptera,Capniidae,Allocapnia,nivicola,"(Fitch, 1847)",Brook Snowfly,accepted,species,not type,S.A. Grubbs,NA,3/6/1996,3,6,1996,vial,S.A. Grubbs,,stream,PreservedSpecimen,14,5,0,0,5,"male, female, ",adult,USA,US,Maryland,Garrett,spring ,"along Meadow Mtn. ORV Trail, 2.4 mi NE New Germany Rd.",1000,WGS84,P.N. Hogan,mapper.acme.com,Maryland Plecoptera Project,No Restrictions,,836,-79.14803,39.63186
353,Collection,WKUC,,Animalia,Arthropoda,Insecta,Plecoptera,Capniidae,Allocapnia,nivicola,"(Fitch, 1847)",Brook Snowfly,accepted,species,not type,S.A. Grubbs,NA,12/29/1996,12,29,1996,vial,S.A. Grubbs,,stream,PreservedSpecimen,2,4,0,0,6,"male, female, ",adult,USA,US,Maryland,Garrett,Crabtree Creek,Savage River Rd.,10,WGS84,P.N. Hogan,mapper.acme.com,Maryland Plecoptera Project,No Restrictions,,457,-79.15533,39.50424
354,Collection,WKUC,,Animalia,Arthropoda,Insecta,Plecoptera,Capniidae,Allocapnia,nivicola,"(Fitch, 1847)",Brook Snowfly,accepted,species,not type,S.A. Grubbs,NA,1/18/1995,1,18,1995,vial,S.A. Grubbs,,stream,PreservedSpecimen,4,2,0,0,6,"male, female, ",adult,USA,US,Maryland,Garrett,Poplar Lick Run,,10,WGS84,S.A. Grubbs,mapper.acme.com,Maryland Plecoptera Project,No Restrictions,,662,-79.14648,39.60688
355,Collection,WKUC,,Animalia,Arthropoda,Insecta,Plecoptera,Capniidae,Allocapnia,nivicola,"(Fitch, 1847)",Brook Snowfly,accepted,species,not type,S.A. Grubbs,NA,2/25/1996,2,25,1996,vial,S.A. Grubbs,,stream,PreservedSpecimen,1,1,0,0,8,"male, female, ",adult,USA,US,Maryland,Garrett,Big Laurel Run,West Shale Rd,10,WGS84,P.N. Hogan,mapper.acme.com,Maryland Plecoptera Project,No Restrictions,Fingerboard Rd. was once Hutton Rd.,532,-79.13037,39.64807
356,Collection,WKUC,,Animalia,Arthropoda,Insecta,Plecoptera,Capniidae,Allocapnia,nivicola,"(Fitch, 1847)",Brook Snowfly,accepted,species,not type,S.A. Grubbs,NA,3/31/1996,3,31,1996,vial,S.A. Grubbs,,stream,PreservedSpecimen,0,1,0,0,8,"male, female, ",adult,USA,US,Maryland,Garrett,Bull Glade Run,Snaggy Mountain Rd.,10,WGS84,S.A. Grubbs,mapper.acme.com,Maryland Plecoptera Project,No Restrictions,,751,-79.45862,39.49162
357,Collection,WKUC,,Animalia,Arthropoda,Insecta,Plecoptera,Capniidae,Allocapnia,nivicola,"(Fitch, 1847)",Brook Snowfly,accepted,species,not type,S.A. Grubbs,NA,2/25/1996,2,25,1996,vial,S.A. Grubbs,,stream,PreservedSpecimen,0,1,0,0,8,"male, female, ",adult,USA,US,Maryland,Garrett,"tributary, Bull Glade Run",immediately upstream Bull Glade Run confluence,10,WGS84,S.A. Grubbs,mapper.acme.com,Maryland Plecoptera Project,No Restrictions,,750,-79.45777,39.49142
358,Collection,WKUC,,Animalia,Arthropoda,Insecta,Plecoptera,Capniidae,Allocapnia,nivicola,"(Fitch, 1847)",Brook Snowfly,accepted,species,not type,S.A. Grubbs,NA,2/25/1996,2,25,1996,vial,S.A. Grubbs,,stream,PreservedSpecimen,8,1,0,0,9,"male, female, ",adult,USA,US,Maryland,Garrett,Bull Glade Run,Snaggy Mountain Rd.,10,WGS84,S.A. Grubbs,mapper.acme.com,Maryland Plecoptera Project,No Restrictions,,751,-79.45862,39.49162
359,Collection,WKUC,,Animalia,Arthropoda,Insecta,Plecoptera,Capniidae,Allocapnia,nivicola,"(Fitch, 1847)",Brook Snowfly,accepted,species,not type,S.A. Grubbs,NA,1/30/1995,1,30,1995,vial,S.A. Grubbs,,stream,PreservedSpecimen,0,1,0,0,9,"male, female, ",adult,USA,US,Maryland,Garrett,Hayes Run,Oakland-Sang Run Rd.,10,WGS84,S.A. Grubbs,mapper.acme.com,Maryland Plecoptera Project,No Restrictions,,620,-79.41004,39.5291
360,Collection,WKUC,,Animalia,Arthropoda,Insecta,Plecoptera,Capniidae,Allocapnia,nivicola,"(Fitch, 1847)",Brook Snowfly,accepted,species,not type,S.A. Grubbs,NA,2/25/1996,2,25,1996,vial,S.A. Grubbs,,stream,PreservedSpecimen,7,1,0,0,9,"male, female, ",adult,USA,US,Maryland,Garrett,"tributary, Toliver Run","Maple Glade Rd., 0.6 mi E Cranesville Rd.",10,WGS84,S.A. Grubbs,mapper.acme.com,Maryland Plecoptera Project,No Restrictions,,769,-79.4457,39.50762
361,Collection,WKUC,,Animalia,Arthropoda,Insecta,Plecoptera,Capniidae,Allocapnia,nivicola,"(Fitch, 1847)",Brook Snowfly,accepted,species,not type,S.A. Grubbs,NA,3/6/1996,3,6,1996,vial,S.A. Grubbs,,stream,PreservedSpecimen,16,4,0,0,11,"male, female, ",adult,USA,US,Maryland,Garrett,Big Laurel Run,West Shale Rd,10,WGS84,P.N. Hogan,mapper.acme.com,Maryland Plecoptera Project,No Restrictions,,532,-79.13037,39.64807
362,Collection,WKUC,,Animalia,Arthropoda,Insecta,Plecoptera,Capniidae,Allocapnia,nivicola,"(Fitch, 1847)",Brook Snowfly,accepted,species,not type,S.A. Grubbs,NA,3/7/1996,3,7,1996,vial,S.A. Grubbs,,stream,PreservedSpecimen,3,9,0,0,12,"male, female, ",adult,USA,US,Maryland,Garrett,Mill Run,"Westernport Rd., 1.8 mi S Pine Swamp Rd.",10,WGS84,P.N. Hogan,mapper.acme.com,Maryland Plecoptera Project,No Restrictions,,631,-79.06383,39.54579
363,Collection,WKUC,,Animalia,Arthropoda,Insecta,Plecoptera,Capniidae,Allocapnia,nivicola,"(Fitch, 1847)",Brook Snowfly,accepted,species,not type,S.A. Grubbs,NA,3/24/1996,3,24,1996,vial,S.A. Grubbs,,stream,PreservedSpecimen,6,6,0,0,12,"male, female, ",adult,USA,US,Maryland,Garrett,Mill Run,"Westernport Rd., 1.8 mi S Pine Swamp Rd.",10,WGS84,P.N. Hogan,mapper.acme.com,Maryland Plecoptera Project,No Restrictions,,631,-79.06383,39.54579
364,Collection,WKUC,,Animalia,Arthropoda,Insecta,Plecoptera,Capniidae,Allocapnia,nivicola,"(Fitch, 1847)",Brook Snowfly,accepted,species,not type,S.A. Grubbs,NA,3/16/1996,3,16,1996,vial,S.A. Grubbs,,stream,PreservedSpecimen,1,0,0,0,17,"male, female, ",adult,USA,US,Maryland,Garrett,outflows from ponds,"Rte. 50, near St. Highway Dept. Salt Domes",10,WGS84,P.N. Hogan,mapper.acme.com,Maryland Plecoptera Project,No Restrictions,,794,-79.43582,39.29786
365,Collection,WKUC,,Animalia,Arthropoda,Insecta,Plecoptera,Capniidae,Allocapnia,nivicola,"(Fitch, 1847)",Brook Snowfly,accepted,species,not type,S.A. Grubbs,NA,3/6/1996,3,6,1996,vial,S.A. Grubbs,,stream,PreservedSpecimen,0,3,0,0,19,"male, female, ",adult,USA,US,Maryland,Garrett,"tributary, Little Laurel Run","W. Shale Rd., 1.8 mi SW New Germany Rd.",10,WGS84,S.A. Grubbs,mapper.acme.com,Maryland Plecoptera Project,No Restrictions,,837,-79.1493,39.6311
366,Collection,WKUC,,Animalia,Arthropoda,Insecta,Plecoptera,Capniidae,Allocapnia,nivicola,"(Fitch, 1847)",Brook Snowfly,accepted,species,not type,S.A. Grubbs,NA,3/6/1996,3,6,1996,vial,S.A. Grubbs,,stream,PreservedSpecimen,6,5,0,0,20,"male, female, ",adult,USA,US,Maryland,Garrett,"tributary, Mill Run","Michael Rd., 0.7 mi SE Westernport Rd.",10,WGS84,S.A. Grubbs,mapper.acme.com,Maryland Plecoptera Project,No Restrictions,,742,-79.05931,39.5586
367,Collection,WKUC,,Animalia,Arthropoda,Insecta,Plecoptera,Capniidae,Allocapnia,nivicola,"(Fitch, 1847)",Brook Snowfly,accepted,species,not type,S.A. Grubbs,NA,2/19/1995,2,19,1995,vial,S.A. Grubbs,,stream,PreservedSpecimen,0,2,0,0,22,"male, female, ",adult,USA,US,Maryland,Garrett,Savage River,immediately upstream Savage River Reservoir,10,WGS84,S.A. Grubbs,mapper.acme.com,Maryland Plecoptera Project,No Restrictions,,446,-79.13746,39.54298
368,Collection,WKUC,,Animalia,Arthropoda,Insecta,Plecoptera,Capniidae,Allocapnia,nivicola,"(Fitch, 1847)",Brook Snowfly,accepted,species,not type,S.A. Grubbs,NA,3/16/1996,3,16,1996,vial,S.A. Grubbs,,stream,PreservedSpecimen,4,13,0,0,23,"male, female, ",adult,USA,US,Maryland,Garrett,"tributary, Aronholt Fork of Shields Run","U.S. 50, 3.3 mi SW Rte. 560",10,WGS84,P.N. Hogan,mapper.acme.com,Maryland Plecoptera Project,No Restrictions,,821,-79.39678,39.30285
369,Collection,WKUC,,Animalia,Arthropoda,Insecta,Plecoptera,Capniidae,Allocapnia,nivicola,"(Fitch, 1847)",Brook Snowfly,accepted,species,not type,S.A. Grubbs,NA,2/24/1996,2,24,1996,vial,S.A. Grubbs,,stream,PreservedSpecimen,1,0,0,0,24,"male, female, ",adult,USA,US,Maryland,Garrett,Poplar Lick Run,"Poplar Lick ORV Trail, 0.5 mi from New Germany Rd.",10,WGS84,P.N. Hogan,mapper.acme.com,Maryland Plecoptera Project,No Restrictions,,676,-79.14878,39.61118
370,Collection,WKUC,,Animalia,Arthropoda,Insecta,Plecoptera,Capniidae,Allocapnia,nivicola,"(Fitch, 1847)",Brook Snowfly,accepted,species,not type,S.A. Grubbs,NA,2/28/1996,2,28,1996,vial,S.A. Grubbs,,stream,PreservedSpecimen,30,3,0,0,33,"male, female, ",adult,USA,US,Maryland,Garrett,Swamp Run,Swamp Rd.,10,WGS84,S.A. Grubbs,mapper.acme.com,Maryland Plecoptera Project,No Restrictions,,773,-79.06498,39.57884
371,Collection,WKUC,,Animalia,Arthropoda,Insecta,Plecoptera,Capniidae,Allocapnia,nivicola,"(Fitch, 1847)",Brook Snowfly,accepted,species,not type,S.A. Grubbs,NA,3/17/1996,3,17,1996,vial,S.A. Grubbs,,stream,PreservedSpecimen,0,11,0,0,56,"male, female, ",adult,USA,US,Maryland,Garrett,Swamp Run,Swamp Rd.,10,WGS84,S.A. Grubbs,mapper.acme.com,Maryland Plecoptera Project,No Restrictions,,773,-79.06498,39.57884
372,Collection,WKUC,,Animalia,Arthropoda,Insecta,Plecoptera,Capniidae,Allocapnia,nivicola,"(Fitch, 1847)",Brook Snowfly,accepted,species,not type,S.A. Grubbs,NA,3/2/1996,3,2,1996,vial,S.A. Grubbs,,stream,PreservedSpecimen,45,13,1,0,59,"male, female, larvae","adult, larvae",USA,US,Maryland,Garrett,Swamp Run,Swamp Rd.,10,WGS84,S.A. Grubbs,mapper.acme.com,Maryland Plecoptera Project,No Restrictions,,773,-79.06498,39.57884
373,Collection,WKUC,,Animalia,Arthropoda,Insecta,Plecoptera,Capniidae,Allocapnia,nivicola,"(Fitch, 1847)",Brook Snowfly,accepted,species,not type,S.A. Grubbs,NA,3/8/1997,3,8,1997,vial,S.A. Grubbs,,stream,PreservedSpecimen,1,3,0,0,66,"male, female, ",adult,USA,US,Maryland,Garrett,"spring, Riley's Spring Branch, Laurel Run","Audley-Riley Rd., <0.1 mi NE Laurel Run Rd.",10,WGS84,S.A. Grubbs,mapper.acme.com,Maryland Plecoptera Project,No Restrictions,,779,-79.296,39.3411
374,Collection,WKUC,,Animalia,Arthropoda,Insecta,Plecoptera,Capniidae,Allocapnia,nivicola,"(Fitch, 1847)",Brook Snowfly,accepted,species,not type,S.A. Grubbs,NA,2/17/1995,2,17,1995,vial,S.A. Grubbs,,stream,PreservedSpecimen,49,41,0,0,90,"male, female, ",adult,USA,US,Maryland,Garrett,Savage River,immediately upstream Savage River Reservoir,10,WGS84,S.A. Grubbs,mapper.acme.com,Maryland Plecoptera Project,No Restrictions,,446,-79.13746,39.54298
375,Collection,INHS,Plecoptera 10044,Animalia,Arthropoda,Insecta,Plecoptera,Capniidae,Allocapnia,nivicola,"(Fitch, 1847)",Brook Snowfly,accepted,species,not type,,NA,12/30/1934,12,30,1934,Vial,"T.H. Frison, H.H. Ross",,,,0,0,4,0,4,,,USA,US,Maryland,Washington,Bear Creek,Hancock,10000,,,,Maryland Plecoptera Project,No restrictions,,134,-78.18,39.69889
376,Collection,RFSC,Plecoptera 16989,Animalia,Arthropoda,Insecta,Plecoptera,Capniidae,Allocapnia,nivicola,"(Fitch, 1847)",Brook Snowfly,accepted,species,not type,,NA,2/8/1996,2,8,1996,Vial,R.F. Surdick,,stream,PreservedSpecimen,0,0,0,0,0,,,USA,US,Maryland,Washington,Lanes Run,"Forsythe, south of Hanging Rock",100,WGS84,P.N. Hogan,mapper.acme.com,Maryland Plecoptera Project,No restrictions,"Letter to Dr. Scott Grubbs, year uncertain",186,-77.98821,39.67638
377,Collection,RFSC,Plecoptera 16988,Animalia,Arthropoda,Insecta,Plecoptera,Capniidae,Allocapnia,nivicola,"(Fitch, 1847)",Brook Snowfly,accepted,species,not type,,NA,2/8/1996,2,8,1996,Vial,R.F. Surdick,,stream,PreservedSpecimen,0,0,0,0,0,,,USA,US,Maryland,Washington,Little Conococheague Creek,Indian Springs Wildlife Management Area,100,WGS84,P.N. Hogan,mapper.acme.com,Maryland Plecoptera Project,No restrictions,"Letter to Dr. Scott Grubbs, year uncertain",207,-77.94197,39.6933
378,Collection,RFSC,Plecoptera 16990,Animalia,Arthropoda,Insecta,Plecoptera,Capniidae,Allocapnia,nivicola,"(Fitch, 1847)",Brook Snowfly,accepted,species,not type,,NA,2/8/1996,2,8,1996,Vial,R.F. Surdick,,stream,PreservedSpecimen,0,0,0,0,0,,,USA,US,Maryland,Washington,Little Conococheague Creek,"Drapers-Blairs Valley Road, north of Clear Spring",100,WGS84,P.N. Hogan,mapper.acme.com,Maryland Plecoptera Project,No restrictions,"Letter to Dr. Scott Grubbs, year uncertain",189,-77.93336,39.68278
379,Collection,USNM,,Animalia,Arthropoda,Insecta,Plecoptera,Capniidae,Allocapnia,nivicola,"(Fitch, 1847)",Brook Snowfly,accepted,species,not type,S.A. Grubbs,NA,2/2/1975,2,2,1975,vial,,,stream,PreservedSpecimen,1,0,0,0,1,male,adult,USA,US,Maryland,Washington,Licking Creek,C & O Canal,10,WGS84,P.N. Hogan,,Maryland Plecoptera Project,No Restrictions,,114,-78.048642,39.651337
380,Collection,WKUC,,Animalia,Arthropoda,Insecta,Plecoptera,Capniidae,Allocapnia,nivicola,"(Fitch, 1847)",Brook Snowfly,accepted,species,not type,P.N. Hogan,2020,3/10/2020,3,10,2020,vial,P.N. Hogan,PNH-044-20,stream,Preservedspecimen,2,0,0,0,2,male,adult,USA,US,Maryland,Washington,Little Tonoloway Creek,"Kirkwood Park, bridge on Kirk Farm Rd.",10,WGS 84,P.N. Hogan,Google Earth,Maryland Plecoptera Project,No Restrictions,,130,-78.19972,39.70799
381,Collection,WKUC,,Animalia,Arthropoda,Insecta,Plecoptera,Capniidae,Allocapnia,nivicola,"(Fitch, 1847)",Brook Snowfly,accepted,species,not type,P.N. Hogan,2020,3/10/2020,3,10,2020,vial,P.N. Hogan,PNH-036-20,stream,Preservedspecimen,0,2,0,0,2,female,adult,USA,US,Maryland,Washington,Rattle Run,intersection of Indian Springs Rd. and Mooresville Rd.,10,WGS 84,P.N. Hogan,Google Earth,Maryland Plecoptera Project,No Restrictions,,166,-78.02154,39.69114
382,Collection,WKUC,,Animalia,Arthropoda,Insecta,Plecoptera,Capniidae,Allocapnia,nivicola,"(Fitch, 1847)",Brook Snowfly,accepted,species,not type,S.A. Grubbs,NA,2/11/1996,2,11,1996,vial,S.A. Grubbs,,stream,PreservedSpecimen,1,0,0,0,1,male,adult,USA,US,Maryland,Washington,Lanes Run,Mummert Rd.,10,WGS84,S.A. Grubbs,mapper.acme.com,Maryland Plecoptera Project,No Restrictions,,209,-77.97745,39.68066
383,Collection,WKUC,,Animalia,Arthropoda,Insecta,Plecoptera,Capniidae,Allocapnia,nivicola,"(Fitch, 1847)",Brook Snowfly,accepted,species,not type,S.A. Grubbs,NA,2/11/1996,2,11,1996,vial,S.A. Grubbs,,stream,PreservedSpecimen,14,2,0,0,1,male,adult,USA,US,Maryland,Washington,Licking Creek,Pectonville Rd.,10,WGS84,S.A. Grubbs,mapper.acme.com,Maryland Plecoptera Project,No Restrictions,,123,-78.04303,39.67598
384,Collection,WKUC,,Animalia,Arthropoda,Insecta,Plecoptera,Capniidae,Allocapnia,nivicola,"(Fitch, 1847)",Brook Snowfly,accepted,species,not type,S.A. Grubbs,NA,2/11/1996,2,11,1996,vial,S.A. Grubbs,,stream,PreservedSpecimen,1,0,0,0,2,male,adult,USA,US,Maryland,Washington,"tributary, Little Tonoloway Creek",Hoffman Inn Rd.,10,WGS84,S.A. Grubbs,mapper.acme.com,Maryland Plecoptera Project,No Restrictions,,188,-78.2607,39.69741
385,Collection,WKUC,,Animalia,Arthropoda,Insecta,Plecoptera,Capniidae,Allocapnia,nivicola,"(Fitch, 1847)",Brook Snowfly,accepted,species,not type,S.A. Grubbs,NA,2/11/1996,2,11,1996,vial,S.A. Grubbs,,stream,PreservedSpecimen,2,0,0,0,27,"male, female, ",adult,USA,US,Maryland,Washington,Little Tonoloway Creek,Rte. 144,10,WGS84,S.A. Grubbs,mapper.acme.com,Maryland Plecoptera Project,No Restrictions,,154,-78.24081,39.69923
386,Collection,WKUC,,Animalia,Arthropoda,Insecta,Plecoptera,Capniidae,Allocapnia,nr. granulata,"(Claassen, 1924)",Common Snowfly,accepted,species,not type,P.N. Hogan,2020,3/10/2020,3,10,2020,vial,P.N. Hogan,PNH-038-20,stream,Preservedspecimen,1,0,0,0,1,male,adult,USA,US,Maryland,Washington,Licking Creek,"Pectonville Rd., bridge N of Camp Harding",10,WGS 84,P.N. Hogan,Google Earth,Maryland Plecoptera Project,No Restrictions,single male with dorsal process on 8th tergite absent; 7th tergite with slight hump dorsally. Epiproct similar to A. granulata ,123,-78.04289,39.67598
387,Collection,WKUC,,Animalia,Arthropoda,Insecta,Plecoptera,Capniidae,Allocapnia,nr. simmonsi,"Kondratieff & Voshell, 1981",Spatulate Snowfly,accepted,species,not type,P.N. Hogan,2020,3/10/2020,3,10,2020,vial,P.N. Hogan,PNH-038-20,stream,Preservedspecimen,0,3,0,0,3,female,adult,USA,US,Maryland,Washington,Licking Creek,"Pectonville Rd., bridge N of Camp Harding",10,WGS 84,P.N. Hogan,Google Earth,Maryland Plecoptera Project,No Restrictions,female specimens with a bi-lobed eighth segment.,123,-78.04289,39.67598
388,Collection,INHS,Insect Collection 654531,Animalia,Arthropoda,Insecta,Plecoptera,Capniidae,Allocapnia,pechumani,"Ross & Ricker, 1964",Saint Lawrence Snowfly,accepted,species,not type,R.E. DeWalt,2013,3/10/2013,3,10,2013,Vial,R.E. DeWalt,,,,1,1,0,0,2,,,USA,US,Maryland,Washington,Sidling Hill Creek,McFarland Road,10,,,,Maryland Plecoptera Project,No restrictions,,190,-78.31698,39.70034
389,Collection,INHS,Insect Collection 514599,Animalia,Arthropoda,Insecta,Plecoptera,Capniidae,Allocapnia,pygmaea,"(Burmeister, 1839)",Pygmy Snowfly,accepted,species,not type,R.E. DeWalt,2010,3/8/2010,3,8,2010,Vial,C. Favret,,,,10,0,0,0,10,,,USA,US,Maryland,Allegany,Fifteenmile Creek,Little Orleans at Oldtown Road,10,,,,Maryland Plecoptera Project,No restrictions,,135,-78.38936,39.62804
390,Collection,INHS,Insect Collection 654544,Animalia,Arthropoda,Insecta,Plecoptera,Capniidae,Allocapnia,pygmaea,"(Burmeister, 1839)",Pygmy Snowfly,accepted,species,not type,R.E. DeWalt,2013,3/12/2013,3,12,2013,Vial,R.E. DeWalt,,,,9,9,0,0,18,,,USA,US,Maryland,Allegany,Flintstone Creek,Flintstone at I-68,10,,,,Maryland Plecoptera Project,No restrictions,,247,-78.56641,39.70501
391,Collection,INHS,Insect Collection 654518,Animalia,Arthropoda,Insecta,Plecoptera,Capniidae,Allocapnia,pygmaea,"(Burmeister, 1839)",Pygmy Snowfly,accepted,species,not type,R.E. DeWalt,2013,3/10/2013,3,10,2013,Vial,R.E. DeWalt,,,,10,3,0,0,13,,,USA,US,Maryland,Allegany,Fifteenmile Creek,Little Orleans at Oldtown Road,10,,,,Maryland Plecoptera Project,No restrictions,,135,-78.38936,39.62804
392,Collection,INHS,Plecoptera 10312,Animalia,Arthropoda,Insecta,Plecoptera,Capniidae,Allocapnia,pygmaea,"(Burmeister, 1839)",Pygmy Snowfly,accepted,species,not type,T.H. Frison,NA,2/13/1938,2,13,1938,Vial,R.E. Yeatter,,,,9,7,0,0,16,,,USA,US,Maryland,Allegany,,10 mi E Cumberland,10000,,,,Maryland Plecoptera Project,No restrictions,,337,-78.6323,39.653
393,Literature,"Literature (Frison, 1942)",,Animalia,Arthropoda,Insecta,Plecoptera,Capniidae,Allocapnia,pygmaea,"(Burmeister, 1839) ",Pygmy Snowfly,accepted,species,not type,,NA,12/30/1934,12,30,1934,,Frison & Ross,,,,0,0,0,0,1,male,adult,USA,US,Maryland,Allegany,Evitts Creek,"Evitts Creek, North Branch",100,WGS84,P.N. Hogan,Acme.mapper 2.2,Maryland Plecoptera Project,No restrictions,,187,-78.7368,39.6266
394,Literature,"Literature (Frison, 1942)",,Animalia,Arthropoda,Insecta,Plecoptera,Capniidae,Allocapnia,pygmaea,"(Burmeister, 1839)",Pygmy Snowfly,accepted,species,not type,,NA,12/30/1934,12,30,1934,,Frison & Ross,,,,0,0,0,0,1,male,adult,USA,US,Maryland,Allegany,Evitts Creek,"Evitts Creek, North Branch",100,WGS84,P.N. Hogan,Acme.mapper 2.2,Maryland Plecoptera Project,No restrictions,,187,-78.7368,39.6266
395,Literature,"Literature (Frison, 1942)",,Animalia,Arthropoda,Insecta,Plecoptera,Capniidae,Allocapnia,pygmaea,"(Burmeister, 1839)",Pygmy Snowfly,accepted,species,not type,,NA,12/30/1934,12,30,1934,,Frison & Ross,,,,0,0,0,0,16,"male, female",adult,USA,US,Maryland,Allegany,Flintstone Creek,"Flintstone, Flintstone Creek",100,WGS84,P.N. Hogan,Acme.mapper 2.2,Maryland Plecoptera Project,No restrictions,,248,-78.56652,39.70489
396,Literature,"Literature (Frison, 1942)",,Animalia,Arthropoda,Insecta,Plecoptera,Capniidae,Allocapnia,pygmaea,"(Burmeister, 1839)",Pygmy Snowfly,accepted,species,not type,,NA,12/30/1934,12,30,1934,,Frison & Ross,,,,0,0,0,0,6,"male, female",adult,USA,US,Maryland,Allegany,Town Creek,"Flintstone, Town Creek",1000,WGS84,P.N. Hogan,Acme.mapper 2.2,Maryland Plecoptera Project,No restrictions,,233,-78.54785,39.69489
397,Literature,"Literature (Frison, 1942)",,Animalia,Arthropoda,Insecta,Plecoptera,Capniidae,Allocapnia,pygmaea,"(Burmeister, 1839)",Pygmy Snowfly,accepted,species,not type,,NA,12/30/1934,12,30,1934,,Frison & Ross,,,,0,0,0,0,13,"male, female",adult,USA,US,Maryland,Allegany,,Piney Grove,1000,WGS84,P.N. Hogan,Acme.mapper 2.2,Maryland Plecoptera Project,No restrictions,,288,-78.37717,39.70585
398,Literature,"Literature (Frison, 1942)",,Animalia,Arthropoda,Insecta,Plecoptera,Capniidae,Allocapnia,pygmaea,"(Burmeister, 1839)",Pygmy Snowfly,accepted,species,not type,,NA,2/13/1938,2,13,1938,,R.E. Yeatter,,,,0,0,0,0,4,"male, female","adult, exuvia",USA,US,Maryland,Allegany,,10mi E of Cumberland,1000,WGS84,P.N. Hogan,Acme.mapper 2.2,Maryland Plecoptera Project,No restrictions,,204,-78.56272,39.6209
399,Collection,RFSC,Plecoptera 16991,Animalia,Arthropoda,Insecta,Plecoptera,Capniidae,Allocapnia,pygmaea,"(Burmeister, 1839)",Pygmy Snowfly,accepted,species,not type,,NA,2/14/1996,2,14,1996,Vial,R.F. Surdick,,stream,PreservedSpecimen,0,0,0,0,0,,,USA,US,Maryland,Allegany,Town Creek,North of Pumpkin Center,100,WGS84,P.N. Hogan,mapper.acme.com,Maryland Plecoptera Project,No restrictions,"Letter to Dr. Scott Grubbs, year uncertain",208,-78.561107,39.63853
400,Collection,RFSC,Plecoptera 16992,Animalia,Arthropoda,Insecta,Plecoptera,Capniidae,Allocapnia,pygmaea,"(Burmeister, 1839)",Pygmy Snowfly,accepted,species,not type,,NA,2/14/1996,2,14,1996,Vial,R.F. Surdick,,stream,PreservedSpecimen,0,0,0,0,0,,,USA,US,Maryland,Allegany,,Flintstone,100,WGS84,P.N. Hogan,mapper.acme.com,Maryland Plecoptera Project,No restrictions,"Letter to Dr. Scott Grubbs, year uncertain",247,-78.56716,39.70288
,,,,,,,,,,,,,,,,,,,,,,,,,,,,,,,,,,,,,,,,,,,,,,,,,
# ----- END OF DATA -----,,,,,,,,,,,,,,,,,,,,,,,,,,,,,,,,,,,,,,,,,,,,,,,,,
